"","g_wood_io1","g_wood_io2","g_wood_io3","g_wood_io4","g_wood_io5","g_wood_io6","g_wood_io7","g_wood_io8","g_wood_io9","g_wood_io10","g_wood_io11","g_wood_io12","g_wood_io13","retran_r_io1","retran_r_io2","retran_r_io3","retran_r_io4","retran_r_io5","retran_r_io6","retran_r_io7","retran_r_io8","retran_r_io9","retran_r_io10","retran_r_io11","retran_r_io12","retran_r_io13","hw_sw_io1","hw_sw_io2","hw_sw_io3","hw_sw_io4","hw_sw_io5","hw_sw_io6","hw_sw_io7","hw_sw_io8","hw_sw_io9","hw_sw_io10","hw_sw_io11","hw_sw_io12","hw_sw_io13","knl_io1","knl_io2","knl_io3","knl_io4","knl_io5","knl_io6","knl_io7","knl_io8","knl_io9","knl_io10","knl_io11","knl_io12","knl_io13","a_wl_io1","a_wl_io2","a_wl_io3","a_wl_io4","a_wl_io5","a_wl_io6","a_wl_io7","a_wl_io8","a_wl_io9","a_wl_io10","a_wl_io11","a_wl_io12","a_wl_io13","kaps_roth1","kaps_roth2","kaps_roth3","kaps_roth4","n_inorg_turnover","sorp","g_root_io","retran_l_io","l_vg_soil"
"P0000",0.03419368,0.01114834,0.0442466,0.02514699,0.01673842,0.3116184,0.2818861,0.2641308,0.279681,0.1931338,0.2218291,0.08674286,0.06321974,0.7111252,0.9778643,0.3118849,0.3278723,0.5878183,0.4391996,0.6216229,0.3533498,0.6011709,0.8410342,0.2957657,0.8667818,0.3597753,0.3785729,0.2857005,0.7997353,0.7140219,0.354779,0.462306,0.4688142,0.2250844,0.8627122,0.1162729,0.0751248,0.2004254,0.6194601,0.3710489,0.4488948,0.2749911,0.3321364,0.2133853,0.2438425,0.3734311,0.2471238,0.2977379,0.3375473,0.2899127,0.3819539,0.3804103,0.7208986,1.115006,0.6777721,1.323295,0.8671248,0.005049299,0.005110613,0.008081411,0.007910487,0.007675001,0.006657795,0.3304125,0.1458639,1.640367e-07,7.77417e-09,1.439396e-08,5.654075e-10,5.649183,10.1379,1.570671,0.6984612,0.5735363
"P0001",0.01733954,0.0351537,0.0417702,0.03995624,0.03048612,0.2866554,0.2885818,0.162701,0.3718024,0.1255212,0.2623093,0.07383819,0.05554006,0.2360433,0.08893299,0.3986627,0.6123824,0.6197224,0.4057693,0.6377426,0.2887179,0.1976983,0.4244207,0.5777723,0.8378114,0.7416795,0.6715055,0.9731165,0.49016,0.5624892,0.3108397,0.5270266,0.3858552,0.7454966,0.355479,0.3858947,0.7874938,0.5640927,0.3367999,0.120138,0.2278962,0.4169443,0.2598,0.2766012,0.3121634,0.3276105,0.267323,0.1445443,0.2944553,0.243169,0.3104768,0.3681542,0.5696679,1.051612,0.6989336,0.6008281,0.7560825,0.004570485,0.005543776,0.007588102,0.006840227,0.004590972,0.007067868,0.2735349,0.1175332,2.837244e-07,6.187459e-09,1.588533e-08,3.68643e-10,3.611585,3.806924,1.795918,1.364669,0.2419245
"P0002",0.03016131,0.00923295,0.0311982,0.02978484,0.03745875,0.1255276,0.4432321,0.3136158,0.3098913,0.2509275,0.3172627,0.06400903,0.04393661,0.5160417,0.2492678,0.7617282,0.7167078,0.6665362,0.2596343,0.537621,0.483128,0.3798584,0.236737,0.3998317,0.5137302,0.9941629,0.5232435,0.2524183,0.4063364,0.3655755,0.5444984,0.4711083,0.4121029,0.7881372,0.6246267,0.7916325,0.2783322,0.2289149,0.4098845,0.4210082,0.3275569,0.3413992,0.2976231,0.1463769,0.3289035,0.2261725,0.2489609,0.131362,0.3107888,0.2740586,0.3263886,0.2809348,1.138015,0.7290595,0.8349173,1.027235,1.145254,0.005153298,0.005735152,0.006551249,0.004414175,0.004805703,0.005246945,0.3631992,0.2520706,1.969212e-07,7.319137e-09,1.411524e-08,4.093319e-10,5.214074,5.507202,1.185817,0.8476479,0.946887
"P0003",0.0226815,0.01498127,0.03315332,0.02296398,0.01615593,0.2079707,0.3513479,0.3430962,0.1413811,0.03776815,0.1250728,0.0530935,0.03184615,0.4897829,0.5558916,0.8270354,0.6450021,0.4094632,0.8136336,0.0529983,0.2468752,0.4160014,0.46901,0.001229872,0.5299714,0.4485423,0.2276178,0.2437408,0.06451959,0.8594057,0.4653912,0.2018204,0.0211122,0.6075953,0.2488461,0.5776258,0.7694497,0.9540756,0.8308985,0.4556531,0.2313836,0.230285,0.4443087,0.3787157,0.1121243,0.3360775,0.4673764,0.2289966,0.3960243,0.3320766,0.2772821,0.4425775,1.174458,1.267955,1.004825,1.569113,0.7247784,0.004970402,0.004825846,0.005158867,0.00365811,0.007261879,0.006827089,0.3161609,0.1660576,1.623185e-07,4.752206e-09,1.465405e-08,4.506912e-10,6.752013,8.817953,1.770826,1.090658,0.8241378
"P0004",0.0330324,0.009763068,0.03905517,0.0107466,0.03245202,0.2845261,0.3708986,0.3386417,0.194241,0.2112893,0.3129274,0.08853504,0.03974732,0.2827276,0.5226353,0.2833236,0.3805249,0.2537227,0.1391655,0.5282039,0.4401959,0.9921585,0.8036652,0.4144795,0.451044,0.4569265,0.5465131,0.5219312,0.0766412,0.113857,0.2249776,0.4891669,0.7096652,0.8650494,0.3631168,0.5938417,0.6148121,0.7058585,0.8148537,0.3990255,0.2866449,0.3882324,0.3964107,0.3078576,0.4576851,0.3059493,0.2787728,0.1920977,0.2615967,0.1082379,0.462448,0.3901186,1.223006,1.390193,0.7689828,1.065022,0.3274265,0.009119722,0.006266137,0.005232176,0.006063575,0.005883637,0.005904378,0.2962479,0.159506,1.069792e-07,5.469419e-09,1.256937e-08,3.083325e-10,1.802956,8.015756,1.488796,0.8259514,0.1524699
"P0005",0.03298927,0.0348413,0.03719506,0.03274559,0.02756137,0.4287867,0.1110468,0.2058573,0.02965848,0.1483494,0.2516432,0.02290561,0.04879343,0.6782401,0.3999857,0.337056,0.5883542,0.8683159,0.4995403,0.9214969,0.1866262,0.5452418,0.7968738,0.8246036,0.191386,0.3172725,0.6567305,0.5075057,0.3841798,0.643099,0.7493119,0.8231482,0.428143,0.7126825,0.6828588,0.7393479,0.1592978,0.511396,0.6447318,0.2963565,0.2682122,0.447286,0.2297299,0.1295616,0.2331647,0.4252866,0.2825029,0.411481,0.4621953,0.38752,0.2431058,0.3060628,0.9665502,0.6010473,0.8176924,0.9925961,0.3710743,0.003954062,0.008246256,0.005725248,0.007497007,0.005583077,0.005840051,0.1047786,0.2031447,1.150786e-07,7.556161e-09,1.135586e-08,4.287006e-10,6.259164,0.746016,1.387486,0.7544425,0.6350151
"P0006",0.02843522,0.02559517,0.01267738,0.004451733,0.04477265,0.3370968,0.05396994,0.04404325,0.1151104,0.2225845,0.4106957,0.04160915,0.01350245,0.3907493,0.03816377,0.4563779,0.6074888,0.3352132,0.5705345,0.2288252,0.8329534,0.06053013,0.4417911,0.5964505,0.6267851,0.2526218,0.2478208,0.540682,0.2759474,0.3047607,0.2914598,0.5381526,0.4408608,0.2338707,0.5905409,0.07334822,0.4620146,0.9302905,0.923079,0.1923211,0.353166,0.1801736,0.4321018,0.3556684,0.2229129,0.247921,0.1106937,0.3990064,0.2095345,0.4130479,0.3501344,0.3593463,0.8334789,1.623736,0.5669536,1.544787,1.066093,0.007660515,0.003220135,0.006042304,0.007032396,0.006238613,0.007263982,0.3266418,0.1293478,2.375307e-07,7.482697e-09,1.030038e-08,2.328295e-10,3.486009,3.371736,1.268097,1.432562,0.1216639
"P0007",0.01011344,0.01267006,0.01775614,0.04127225,0.04380103,0.2484917,0.1044959,0.3697105,0.1077714,0.1706576,0.3333044,0.01631527,0.03292399,0.5336859,0.734742,0.654756,0.6883379,0.3731882,0.1425573,0.4874174,0.329912,0.2913221,0.4342507,0.1360416,0.256167,0.2427587,0.9164361,0.3093088,0.1622302,0.6986941,0.5816557,0.2448644,0.6270718,0.03953511,0.6157529,0.705257,0.4060233,0.7476105,0.6991027,0.3868315,0.408102,0.1355736,0.2822091,0.3584933,0.1887226,0.3807604,0.2373655,0.4186686,0.1146298,0.4870275,0.1812038,0.2483552,0.7392274,0.6560513,1.260363,0.414943,0.4130219,0.00528183,0.005316647,0.008049065,0.009000726,0.009153011,0.009993297,0.1380865,0.08083394,2.483585e-07,7.388306e-09,1.009166e-08,1.779366e-10,2.946628,18.02439,0.6437377,1.12424,0.385207
"P0008",0.01867933,0.03417757,0.01983931,0.03535007,0.03796907,0.2171045,0.227396,0.3476623,0.2471313,0.2637743,0.3750498,0.03162817,0.07918251,0.2749547,0.2835252,0.5847581,0.2341575,0.5567378,0.6235219,0.001118819,0.9380202,0.6762816,0.7308596,0.2081436,0.8216019,0.7553493,0.2599906,0.4697732,0.615876,0.6897902,0.2156591,0.7937811,0.1612435,0.2933965,0.1830873,0.410047,0.3623526,0.2500481,0.4131561,0.1814056,0.1185251,0.1702601,0.3422382,0.3610713,0.4931521,0.3533997,0.4038552,0.1592382,0.1979569,0.193165,0.1009061,0.1918667,0.7854255,0.7772244,0.9405275,1.556855,0.8123108,0.003374908,0.008199168,0.005845836,0.003873713,0.006004368,0.003508511,0.3098615,0.0758599,2.615954e-07,4.26661e-09,1.216334e-08,3.878054e-10,4.080254,7.066684,1.027851,0.6547004,0.3150799
"P0009",0.0460991,0.02847621,0.01532756,0.04238362,0.004051818,0.1314119,0.3452719,0.112033,0.3938827,0.346728,0.2836139,0.04251506,0.05344736,0.2160381,0.8439768,0.6628721,0.3516503,0.6077546,0.09232557,0.4310737,0.5366005,0.007529984,0.2111084,0.7148892,0.6983667,0.6570767,0.4849758,0.6927506,0.460913,0.5567315,0.6310701,0.7809301,0.315352,0.3615428,0.4176505,0.4040793,0.5554826,0.2638637,0.2096313,0.4947408,0.4644834,0.3162176,0.2889425,0.216375,0.3260868,0.4391132,0.2750555,0.3582966,0.1191152,0.3483881,0.3679173,0.4110649,0.9205749,1.379221,1.010112,0.4585967,1.046389,0.00367256,0.004241651,0.007091986,0.008782364,0.006891215,0.003033059,0.3022662,0.2137483,2.937363e-07,6.798959e-09,1.777099e-08,4.236508e-10,3.947093,18.5809,1.080717,0.7626941,0.7133713
"P0010",0.02225234,0.04754872,0.02187674,0.02381235,0.0289445,0.003261418,0.167091,0.3191022,0.4472395,0.2652326,0.192108,0.03977444,0.005224235,0.9984459,0.7746034,0.792574,0.1839498,0.3490892,0.7256457,0.08519293,0.6582266,0.8343218,0.3411571,0.7488538,0.505759,0.7308181,0.6221128,0.4300943,0.5162541,0.7923307,0.5984218,0.5824707,0.1933626,0.503639,0.7150972,0.4258049,0.7503857,0.6949909,0.5828766,0.3235765,0.484541,0.4980499,0.3455095,0.3380249,0.2138708,0.1676268,0.2403993,0.4011753,0.1901468,0.1556362,0.1622361,0.3972775,1.190376,0.4893623,1.137146,1.290172,0.5874873,0.00466295,0.002845632,0.008173475,0.004328507,0.008724362,0.008761649,0.2237507,0.1177608,9.729194e-08,5.167665e-09,1.173451e-08,5.796025e-10,5.993465,9.377377,0.7044857,1.773269,0.02539658
"P0011",0.02980417,0.03101971,0.01202835,0.01273077,0.03289556,0.3027485,0.1519417,0.3338463,0.2848531,0.4996603,0.1170639,0.05037225,0.002689548,0.8869823,0.4562601,0.9779702,0.2610848,0.1488417,0.01909068,0.9398853,0.2699636,0.4772142,0.6997872,0.01846233,0.6104498,0.4034237,0.05681726,0.1821548,0.668926,0.6730655,0.6485241,0.3925917,0.5703683,0.4303036,0.3267703,0.7230378,0.8879918,0.6511837,0.1326893,0.2457866,0.2651091,0.1471697,0.3269918,0.2670598,0.3767365,0.2794792,0.2945688,0.3246783,0.3679407,0.4076892,0.2121907,0.2287332,1.01337,0.8588875,1.166766,0.5188282,0.8449777,0.006927883,0.007824339,0.005047314,0.004889968,0.002964228,0.004067093,0.33143,0.2249669,2.745837e-07,7.117924e-09,1.05811e-08,2.007985e-10,6.470747,10.7198,1.884805,0.8394159,0.235032
"P0012",0.007346638,0.02330534,0.04482383,0.03473013,0.005421361,0.3861031,0.2134645,0.2751964,0.3541075,0.3433725,0.4925711,0.05807353,0.02832396,0.7901232,0.3628061,0.09594576,0.4544701,0.9362055,0.3497922,0.4946305,0.03953147,0.4070076,0.5122978,0.5567167,0.2885449,0.502613,0.219612,0.5512093,0.631922,0.4200683,0.9583058,0.4356937,0.8449981,0.196625,0.6714827,0.586199,0.707325,0.08557943,0.1454444,0.2523608,0.4341124,0.3762517,0.1205916,0.2595741,0.4697643,0.1947454,0.3977019,0.268021,0.3719532,0.156199,0.2922501,0.3126916,1.52857,0.6885133,1.534305,0.6643215,0.6189108,0.007462128,0.003931103,0.006989292,0.005620457,0.004288764,0.00855567,0.3594763,0.1228141,1.463649e-07,3.958047e-09,7.405719e-09,4.910459e-10,7.575386,16.24974,1.302685,0.6792908,0.4548164
"P0013",0.03104283,0.02473349,0.04720418,0.02497095,0.02921224,0.1638815,0.2025707,0.3602685,0.2925256,0.330291,0.1483941,0.03876859,0.01163439,0.501872,0.188872,0.29399,0.07774065,0.7221718,0.8770781,0.3074734,0.3746503,0.6377162,0.4777163,0.3601691,0.08015198,0.6147288,0.632267,0.1212814,0.4400557,0.2855884,0.7264246,0.3555769,0.9604013,0.3073395,0.07540511,0.3574286,0.5707346,0.367599,0.04897404,0.3836719,0.4412093,0.3040513,0.2357074,0.1380537,0.1274406,0.493788,0.4409552,0.2340131,0.265141,0.2709995,0.2825074,0.1810691,0.7656654,1.071367,1.073756,0.6300267,0.6000075,0.004194763,0.003895758,0.002525746,0.003234006,0.007872898,0.005415606,0.207653,0.06963426,2.9602e-07,5.802221e-09,1.617393e-08,3.961491e-10,5.083863,7.845751,0.9377229,1.420764,0.5410627
"P0014",0.02676882,0.008247954,0.007957759,0.008614986,0.02420291,0.08267865,0.3167708,0.3521157,0.06285267,0.1313244,0.112333,0.07119245,0.05767187,0.5785148,0.6003152,0.255718,0.6263667,0.6218545,0.5310503,0.4530712,0.2567876,0.7640971,0.02500186,0.6765793,0.4324983,0.223445,0.4337587,0.5777286,0.9779968,0.6644078,0.5615875,0.7017491,0.21541,0.8100264,0.5662789,0.7509729,0.7979229,0.7849249,0.07663766,0.2791628,0.1360907,0.2973446,0.2507636,0.2687482,0.2187629,0.3218921,0.1673102,0.1724445,0.4772279,0.1817223,0.3198704,0.376151,0.7131661,0.9183839,1.504494,1.052547,1.091944,0.004447103,0.00926621,0.004010084,0.008479281,0.005784255,0.004304795,0.2553703,0.1825061,2.425626e-07,9.277516e-09,5.831296e-09,4.970665e-10,3.707222,15.31166,0.9964309,0.6886537,0.3300729
"P0015",0.03825217,0.03195131,0.0463872,0.04303872,0.01775759,0.2922816,0.2390077,0.3575466,0.3687033,0.3861662,0.2917627,0.01918107,0.04773608,0.2990628,0.164508,0.6844389,0.8696626,0.8202998,0.2464578,0.449442,0.4057573,0.2276218,0.8690165,0.316362,0.7475256,0.4749411,0.3882945,0.4545206,0.2245602,0.7062244,0.1006845,0.7190743,0.5916427,0.2668149,0.8477746,0.3749495,0.4301682,0.01261591,0.3791946,0.2428544,0.2181689,0.26233,0.4853725,0.2296174,0.4083416,0.3516553,0.3788947,0.2513508,0.1366887,0.423216,0.3223267,0.3235989,0.8200975,1.05799,1.399908,0.7641449,0.8857414,0.009268621,0.008809925,0.009241362,0.005310412,0.004897108,0.008886248,0.2658301,0.09877643,1.045354e-07,6.636613e-09,1.943037e-08,4.348085e-10,1.645761,9.116716,1.280759,1.243711,0.3014624
"P0016",0.03224904,0.002320631,0.03454619,0.00236254,0.04759109,0.1984269,0.2417444,0.1228277,0.1334847,0.2788888,0.2159256,0.06532074,0.09368247,0.3409286,0.806573,0.5179352,0.6373105,0.2877172,0.9040516,0.6987186,0.5959742,0.1525442,0.5570575,0.638739,0.5923592,0.1961548,0.4570873,0.1400877,0.7073396,0.8777495,0.09761424,0.3632916,0.775836,0.989662,0.8027217,0.3667192,0.8760486,0.4791527,0.4982291,0.4427077,0.3211815,0.2356821,0.2373275,0.1800942,0.3516018,0.211379,0.329701,0.3772921,0.1229492,0.3551034,0.4140383,0.2527798,0.9869213,1.483375,1.430638,0.8940829,0.8224217,0.008927403,0.005010661,0.004333685,0.005954063,0.007548917,0.007200239,0.2898919,0.2237467,1.278178e-07,7.849669e-09,1.820518e-08,4.519126e-10,1.908635,12.18903,0.680477,0.9892985,0.06308293
"P0017",0.01084767,0.04289961,0.03362675,0.01734527,0.03383085,0.1945492,0.1344601,0.3956779,0.1513469,0.1425089,0.3090851,0.05530707,0.03795285,0.6635451,0.3135794,0.4683262,0.5203177,0.845427,0.9942631,0.3595248,0.8726779,0.01170032,0.4868448,0.6592165,0.3295326,0.05575548,0.9599054,0.1009546,0.5812461,0.3117937,0.7780348,0.2941219,0.1892958,0.2121886,0.1546925,0.6796976,0.6457001,0.03526355,0.8777975,0.4851021,0.3014276,0.1222627,0.4217247,0.3459164,0.2675439,0.2227541,0.1681828,0.4462373,0.3321343,0.4254967,0.1470181,0.3874939,0.9362237,0.706917,1.066855,1.082363,0.9737988,0.003112693,0.004207626,0.007600617,0.00354245,0.004494533,0.004615731,0.3064079,0.1911437,1.513474e-07,8.592602e-09,1.379719e-08,4.150732e-10,7.603634,11.35918,1.365035,1.680225,0.4172217
"P0018",0.04049689,0.01784615,0.01123653,0.0465605,0.02059651,0.1779618,0.0866344,0.1171756,0.3320038,0.3988646,0.189192,0.06869844,0.06074683,0.9287353,0.4918194,0.06829642,0.9204031,0.7872155,0.4687951,0.5738737,0.3956594,0.5561632,0.5763835,0.1939601,0.3342073,0.9763505,0.8499815,0.03064041,0.4738987,0.1750131,0.03526269,0.09768005,0.4906268,0.8339632,0.111494,0.4499866,0.1809781,0.4825744,0.265814,0.4905565,0.2140008,0.4691764,0.4025127,0.1025039,0.166404,0.3886016,0.1454613,0.3484642,0.4988116,0.1726772,0.4747278,0.1531864,1.522363,1.44795,0.8019625,0.7941937,0.7843205,0.00869164,0.002979356,0.006172287,0.008663668,0.005027598,0.007888925,0.3435755,0.09593397,2.988491e-07,5.6999e-09,9.649939e-09,4.886082e-10,6.994072,4.633562,1.092562,1.000602,0.7000457
"P0019",0.02778793,0.03758505,0.04966342,0.0223104,0.04669418,0.4558316,0.4755343,0.2130734,0.210032,0.31158,0.1991102,0.09664354,0.05236348,0.4760779,0.9877972,0.1180939,0.8287138,0.260113,0.6542291,0.9966749,0.5555803,0.4827513,0.9210502,0.07349059,0.1596716,0.2099045,0.8734435,0.7327326,0.553662,0.3763389,0.8495592,0.3137568,0.6782129,0.06697561,0.09836736,0.4555194,0.03990701,0.1586955,0.01186461,0.360452,0.3131176,0.3627083,0.3177535,0.3817274,0.1078947,0.1962146,0.2048707,0.3540185,0.4363593,0.1197794,0.3989666,0.2080525,0.6116664,0.8274963,0.4261209,1.181443,1.135368,0.004056159,0.007365152,0.007454118,0.006716806,0.007997968,0.007493187,0.1624932,0.1139565,1.7093e-07,5.039521e-09,1.746927e-08,1.668484e-10,5.534421,17.62407,1.66444,1.755685,0.6624551
"P0020",0.008458141,0.04409749,0.01676135,0.02699921,0.009556909,0.381747,0.3649203,0.08800494,0.1959336,0.411617,0.02204474,0.02165948,0.04907406,0.1572395,0.8931595,0.3069088,0.002469961,0.2160013,0.05945976,0.8958582,0.233983,0.3270856,0.1168081,0.3060594,0.9366953,0.3416513,0.5113995,0.682492,0.2810558,0.2135337,0.3458342,0.5133907,0.2666453,0.8256333,0.7701964,0.8968365,0.04476767,0.5246892,0.4797301,0.4660079,0.3589989,0.3800515,0.29337,0.2214264,0.4025366,0.1896717,0.3662475,0.3425955,0.4918056,0.2805061,0.2309925,0.3475883,1.330643,0.7633961,1.149507,1.220316,0.5911383,0.007094534,0.006446715,0.008953641,0.0081515,0.004177828,0.006731708,0.2033671,0.2062422,2.150642e-07,9.584191e-09,9.044572e-09,3.249448e-10,9.049919,12.44033,1.119528,1.162654,0.779481
"P0021",0.01941333,0.04817752,0.001412725,0.004604104,0.007971391,0.05332034,0.3903674,0.3278874,0.1799465,0.1625766,0.4827721,0.0132192,0.0819652,0.2504717,0.00925382,0.6245479,0.03115274,0.4688262,0.6181816,0.3639251,0.6417736,0.3055153,0.6470643,0.3588839,0.5830627,0.4346652,0.3488009,0.3365139,0.3370415,0.227562,0.9643596,0.7358895,0.04339022,0.2457333,0.1912644,0.8592277,0.5881739,0.5035422,0.5154253,0.2483052,0.3054845,0.1868295,0.125984,0.2822924,0.196019,0.2020159,0.3333648,0.162266,0.1828931,0.3679022,0.1760183,0.2183128,1.55134,1.253894,1.471502,1.593171,1.098284,0.007387684,0.006059728,0.00326951,0.006397496,0.006461635,0.004774189,0.1299389,0.2357424,2.538062e-07,2.783484e-09,1.485516e-08,5.23374e-10,9.242891,13.035,1.444184,1.691445,0.4087402
"P0022",0.03994995,0.04921125,0.003394964,0.01953446,0.01183175,0.2013267,0.3346517,0.4632873,0.3136065,0.4196818,0.3514764,0.02334363,0.07085316,0.1108334,0.513223,0.8530464,0.4743018,0.523534,0.778989,0.6043525,0.6055815,0.8114966,0.9066005,0.7350905,0.4793044,0.3623046,0.3951272,0.4050404,0.3260656,0.9343743,0.4809775,0.5989108,0.2832582,0.9355747,0.2641493,0.8368701,0.3508598,0.4509038,0.2465745,0.2059879,0.3607918,0.3946928,0.1683189,0.2501886,0.1809828,0.1740666,0.4231696,0.2671877,0.4043649,0.3174168,0.4564098,0.2371298,0.3954551,1.094611,0.9928337,0.7272869,0.530751,0.004707838,0.00271551,0.006860083,0.004055575,0.003768699,0.003253825,0.3864304,0.08732126,2.09833e-07,9.309838e-09,7.176784e-09,2.933039e-10,5.819476,6.87921,1.833376,1.641554,0.2153504
"P0023",0.03911008,0.0188143,0.040774,0.04038017,0.006580871,0.2749786,0.3418189,0.2358347,0.3873227,0.05938888,0.3912214,0.03542685,0.008233111,0.06474602,0.4636973,0.7482449,0.1219275,0.3650797,0.1191877,0.4786139,0.4236515,0.582,0.8247153,0.7981877,0.3098124,0.2678901,0.0007514797,0.4971937,0.5344224,0.4347658,0.9230168,0.280841,0.8679025,0.2091272,0.2007797,0.5350856,0.08426918,0.5352181,0.5903678,0.3552388,0.1829049,0.2955733,0.1873712,0.4905117,0.3894962,0.1317831,0.1313544,0.3079973,0.4120008,0.2605586,0.2455553,0.2421483,1.345554,1.19691,0.5596464,1.456197,0.4231207,0.007241828,0.003807904,0.005626725,0.0052108,0.009442917,0.00685835,0.1115204,0.1935695,1.214207e-07,9.127658e-09,1.369495e-08,3.608823e-10,1.03975,4.096595,1.860548,1.940142,0.5550603
"P0024",0.04345805,0.03285468,0.0130592,0.03671319,0.04722428,0.499234,0.189716,0.1544344,0.3439158,0.02265813,0.4316953,0.009725668,0.024385,0.9320869,0.5664094,0.7057551,0.228919,0.7593227,0.6453987,0.4670561,0.4980684,0.3874034,0.7082429,0.4712243,0.9136797,0.5640895,0.8670447,0.7276983,0.3500452,0.2945984,0.16522,0.4028121,0.1071525,0.4173363,0.1261812,0.1442564,0.3887507,0.2148759,0.4505791,0.3933689,0.3837593,0.4082836,0.3804301,0.2983307,0.1946838,0.2129696,0.3950244,0.2439103,0.1640476,0.4036094,0.3782274,0.1126735,0.8653805,1.2222,0.6019204,1.337876,0.8769141,0.007751374,0.008070054,0.004195507,0.008363643,0.002925245,0.009032322,0.1321138,0.1541557,2.719212e-07,6.11609e-09,8.605665e-09,3.473192e-10,9.669572,16.09184,1.374695,1.890075,0.610754
"P0025",0.04127299,0.04216506,0.04216248,0.00956641,0.03437336,0.2554477,0.4471619,0.4155785,0.3782749,0.3015694,0.3463404,0.05279076,0.0469327,0.8784176,0.1387314,0.4461443,0.6608126,0.8706162,0.3559294,0.4273264,0.8100877,0.444948,0.3710021,0.4058496,0.04629507,0.5812498,0.6078606,0.4893748,0.2935978,0.3246609,0.3253933,0.1763871,0.3435206,0.3273579,0.7509562,0.2221662,0.6972156,0.7938658,0.3833862,0.4302139,0.4814064,0.1137114,0.1138097,0.2846381,0.2615983,0.292459,0.2011647,0.1705419,0.3958322,0.3404469,0.287009,0.1654812,0.8956899,1.184427,1.444156,1.42547,1.177531,0.006413318,0.009072747,0.005374751,0.008586107,0.00354961,0.002542842,0.1175016,0.07890173,1.601502e-07,6.319804e-09,9.148696e-09,2.442445e-10,2.360481,18.93039,1.239743,1.134993,0.7453904
"P0026",0.009206156,0.04325707,0.02142305,0.03757585,0.01432357,0.1221907,0.3829999,0.06294879,0.424018,0.3532358,0.2355947,0.03203781,0.02266643,0.4376406,0.701683,0.02510887,0.5045743,0.04960791,0.1587825,0.6861646,0.9767673,0.7187935,0.2844275,0.2802483,0.5793193,0.9875,0.9335472,0.7968003,0.9338623,0.8197511,0.6260283,0.8322784,0.9321094,0.3575635,0.6696465,0.1684523,0.549961,0.4230774,0.6895967,0.3584859,0.1573339,0.2016244,0.1989879,0.2037643,0.1338116,0.405412,0.4738995,0.2837357,0.3538188,0.2207461,0.4340147,0.3920813,0.5904086,1.573446,0.6671474,1.08428,0.8149637,0.005624545,0.004475978,0.003854508,0.007235838,0.006729895,0.007822276,0.1209279,0.1869571,2.318852e-07,4.48989e-09,7.750793e-09,2.266582e-10,7.319851,4.953102,0.7351797,1.785101,0.4891726
"P0027",0.01805356,0.02758437,0.00695564,0.006552224,0.009320254,0.353829,0.07342562,0.4764968,0.2696787,0.07248177,0.1369172,0.09087245,0.08690078,0.1479097,0.7563888,0.554492,0.2418035,0.8507347,0.8097963,0.5567112,0.8532714,0.6145916,0.8724817,0.6121346,0.5438033,0.3878183,0.7053478,0.8767132,0.820803,0.9195255,0.2390717,0.8890592,0.4035634,0.874393,0.05557189,0.7129678,0.7193901,0.5478104,0.5275787,0.3912843,0.1730469,0.4403034,0.4960082,0.3154946,0.3239933,0.44941,0.121297,0.3232453,0.3310863,0.3968476,0.2224762,0.2695773,0.6479016,1.24345,0.4933984,0.9564552,0.9252337,0.008259114,0.005473747,0.004722891,0.009348372,0.007768549,0.00693356,0.1645432,0.1018597,2.868556e-07,8.035109e-09,1.52938e-08,4.597465e-10,9.30189,6.536411,1.336084,0.7339198,0.9757657
"P0028",0.0128017,0.02121177,0.02966602,0.04417463,0.03521635,0.4619319,0.4181125,0.06660665,0.2314705,0.4448234,0.2431051,0.02551154,0.0402644,0.9510523,0.9003584,0.9677618,0.7282688,0.1295503,0.06208756,0.3387243,0.4696911,0.4687417,0.8940502,0.6948794,0.3532782,0.863804,0.2397669,0.09594795,0.2590365,0.107708,0.882511,0.3442395,0.2038321,0.5874137,0.7470306,0.9382224,0.840495,0.3738958,0.4869995,0.2607768,0.4631067,0.4145471,0.3745246,0.2606209,0.2699097,0.4631988,0.1730381,0.2545232,0.231595,0.3478428,0.2256143,0.4134033,1.027592,0.9116584,0.6917181,1.369291,0.4568384,0.00557201,0.004404574,0.006500893,0.008318942,0.007619648,0.004559685,0.2447928,0.1669209,2.038424e-07,6.882258e-09,7.530383e-09,5.00782e-10,1.345971,11.00073,1.421299,0.5829614,0.3237857
"P0029",0.01211733,0.03891759,0.009951504,0.01945289,0.008396265,0.2389773,0.03089688,0.2320231,0.06922282,0.2189002,0.2113495,0.03664723,0.07104789,0.720847,0.6809648,0.2189499,0.2867327,0.03302728,0.1641587,0.738596,0.7729131,0.4399391,0.9897535,0.9664223,0.2310585,0.9069621,0.2940171,0.7008167,0.5016547,0.941804,0.3753868,0.007140664,0.6464145,0.2876626,0.726352,0.7427609,0.01901492,0.3898162,0.1020406,0.17675,0.3302841,0.3360929,0.4597094,0.1193647,0.2520923,0.2569135,0.3405869,0.4988487,0.3213585,0.42919,0.111693,0.1923976,1.243493,1.033389,1.490593,1.214822,1.278205,0.005757934,0.005422849,0.002831225,0.006965361,0.008515258,0.008449992,0.2706872,0.1328289,9.955117e-08,3.058755e-09,6.682266e-09,4.205085e-10,7.977316,3.684204,1.505838,1.047999,0.4710017
"P0030",0.02098865,0.03976909,0.02560143,0.02569128,0.03812028,0.4896638,0.1841704,0.4898537,0.255206,0.1678182,0.4283553,0.07927568,0.08354465,0.3685485,0.4034947,0.1867115,0.316292,0.3013827,0.3695506,0.280231,0.333441,0.1328368,0.1433368,0.8351789,0.7200778,0.3763713,0.3633255,0.05743645,0.6006032,0.1438548,0.5748632,0.6901111,0.2230462,0.8016278,0.313531,0.179009,0.02421032,0.8675798,0.7337369,0.1474317,0.2382361,0.3498639,0.2536098,0.1623594,0.486409,0.2390123,0.4105842,0.3696286,0.2177565,0.2849686,0.2508378,0.2762747,1.539214,0.7837094,0.8736684,0.8246942,0.9098943,0.003486306,0.00843673,0.008215411,0.003346442,0.00405798,0.008185099,0.2341035,0.2322517,1.79332e-07,6.028052e-09,1.604112e-08,2.770514e-10,8.628728,11.99248,0.81226,0.886113,0.1444043
"P0031",0.01526944,0.02718763,0.03674713,0.03596448,0.04902008,0.04851079,0.4893499,0.0749427,0.2050651,0.05245926,0.4538841,0.09891474,0.08986853,0.3061271,0.2788918,0.8956002,0.4629199,0.2380041,0.5517894,0.1616727,0.6142666,0.2500092,0.7595189,0.4376844,0.6019816,0.4893358,0.1063317,0.3284837,0.5631554,0.9539353,0.08012903,0.4901188,0.8220033,0.8413525,0.7076482,0.2167762,0.7255409,0.3535646,0.3120942,0.3300245,0.3965863,0.4279992,0.1396485,0.4036258,0.2751471,0.3571933,0.4921491,0.1008057,0.2589545,0.2935227,0.4278741,0.3254434,0.4168462,0.5917726,0.64779,0.5632759,1.155889,0.004133688,0.00763094,0.005053391,0.003094035,0.008985418,0.007395753,0.1557152,0.08620715,3.161388e-07,2.709333e-09,1.908184e-08,3.403891e-10,9.752286,2.32121,1.534667,1.909584,0.3620709
"P0032",0.03164188,0.00591309,0.03827648,0.01314234,0.004925264,0.2324916,0.01780383,0.4143233,0.1677331,0.3556449,0.2673575,0.0846353,0.03496395,0.2497946,0.4833986,0.7337779,0.415591,0.69389,0.28787,0.9601942,0.3110861,0.04273485,0.386074,0.5332834,0.06057474,0.335322,0.5367899,0.833724,0.1115733,0.4107883,0.2730798,0.5587952,0.2306332,0.5555314,0.8545947,0.9235532,0.2885381,0.8985777,0.7120703,0.1378843,0.2947794,0.4802129,0.3289245,0.319827,0.4143851,0.4437162,0.302338,0.4502159,0.2733993,0.227934,0.2351098,0.1245382,1.096013,1.359307,0.5101979,1.25273,0.9105144,0.008394164,0.003110514,0.008398415,0.002980585,0.005175086,0.003212005,0.2501589,0.2579139,1.245954e-07,4.959294e-09,9.458953e-09,5.571069e-10,8.315743,11.4495,1.471296,1.109662,0.9175294
"P0033",0.02920646,0.002701691,0.03262532,0.03708696,0.01502063,0.4161948,0.1997372,0.005669943,0.3835199,0.2338461,0.3401204,0.03378599,0.004271571,0.04976953,0.6315541,0.2207132,0.4339761,0.4367348,0.6088267,0.1564709,0.2250688,0.05803736,0.3653335,0.5263946,0.8015493,0.8596194,0.926946,0.3693068,0.5431526,0.5493504,0.2027333,0.6121106,0.7690043,0.9159561,0.8399546,0.3061479,0.472314,0.1409131,0.8577943,0.3351194,0.1868093,0.1896801,0.3697825,0.3855438,0.4456857,0.2640389,0.4521253,0.3615142,0.1448034,0.247335,0.3359843,0.4611757,0.6197477,1.538676,0.4414579,1.37579,0.7788765,0.004751725,0.003439849,0.007777113,0.002798828,0.007459923,0.002735022,0.1536572,0.2289289,3.019999e-07,9.428933e-09,1.736638e-08,6.048521e-10,9.935293,17.07113,0.7602862,1.373795,0.2799625
"P0034",0.02198613,0.03378281,0.03995365,0.01420056,0.03896348,0.2442114,0.3107052,0.4988095,0.4578135,0.136157,0.4638032,0.003398582,0.07598576,0.2097519,0.6783312,0.04940138,0.7531901,0.05499721,0.1785515,0.3474494,0.8956679,0.1479422,0.1896727,0.9161352,0.7585502,0.2367553,0.1889309,0.7898799,0.3964341,0.6516638,0.4792988,0.6429246,0.8500567,0.5290446,0.01810831,0.2526089,0.8293465,0.3111341,0.1733965,0.2882014,0.2968568,0.3444586,0.1913625,0.3980624,0.2830446,0.1395627,0.1569343,0.4587749,0.4341553,0.3618066,0.2588839,0.4982638,0.6300733,0.9309059,0.451098,1.302739,0.4782461,0.00850161,0.008416889,0.009117933,0.009156471,0.005517196,0.002878348,0.1927853,0.1798056,1.869363e-07,3.620168e-09,1.315892e-08,5.925948e-10,4.925196,9.414562,0.663765,1.93264,0.2906828
"P0035",0.01799464,0.04734967,0.03890675,0.01880192,0.02999739,0.2506037,0.01230127,0.2271405,0.04566628,0.1829974,0.08843304,0.04887366,0.05133036,0.3772188,0.4765089,0.8121029,0.09689629,0.9009785,0.7386365,0.6667874,0.1138858,0.8994067,0.3244639,0.945067,0.2789663,0.5958883,0.07696972,0.413497,0.3168962,0.9043793,0.555543,0.6394703,0.997642,0.7265016,0.50788,0.1532646,0.9182621,0.1698062,0.9875906,0.2111488,0.1948082,0.4064714,0.4623171,0.4492263,0.4233548,0.4855066,0.1915623,0.4150457,0.2342742,0.3109904,0.4697583,0.4844503,0.4427505,0.689783,0.8686652,0.9472583,0.856413,0.003249509,0.006740309,0.004476229,0.007827552,0.007434712,0.006321877,0.195945,0.2120861,1.432662e-07,7.841106e-09,1.111074e-08,6.133954e-10,2.862568,15.59535,0.9007222,0.5323922,0.6027466
"P0036",0.01585044,0.01917096,0.04512338,0.005974924,0.04254008,0.1566118,0.3593208,0.2883565,0.01098313,0.4389054,0.3705619,0.002035698,0.05074926,0.8371515,0.7210724,0.4719607,0.146205,0.7034954,0.9630884,0.7218841,0.02429922,0.643902,0.4195163,0.8678744,0.01613931,0.8225837,0.0468542,0.7762391,0.1049865,0.08208255,0.4976785,0.1124275,0.657649,0.3431112,0.4778742,0.2376741,0.2645317,0.2921941,0.001680778,0.1751439,0.2528643,0.4865943,0.1831854,0.4229826,0.3929326,0.181879,0.3095466,0.1670118,0.4735007,0.392235,0.2758187,0.4386484,1.143733,0.81244,1.24398,0.5873465,1.218069,0.003791229,0.004594785,0.00715981,0.007315985,0.009638286,0.007725804,0.2612455,0.1259736,2.073718e-07,7.579633e-09,1.302924e-08,1.915463e-10,0.9948038,14.12082,1.676579,0.8699745,0.2068984
"P0037",0.0247627,0.0138966,0.04932476,0.01680437,0.01140101,0.03296952,0.2466304,0.377631,0.2850378,0.1243569,0.2864921,0.03006978,0.04244455,0.4298117,0.7172796,0.8442735,0.05420171,0.5350313,0.2610418,0.09342244,0.007997293,0.9721944,0.6239944,0.2453979,0.7860215,0.9555049,0.9873635,0.3821531,0.5985594,0.4884952,0.4142183,0.9448495,0.6862532,0.09868904,0.7614437,0.961551,0.9490046,0.6862655,0.366962,0.3487456,0.1902013,0.4540168,0.3042053,0.4564554,0.1754761,0.3121855,0.3153598,0.2792558,0.4845405,0.4374125,0.4208409,0.3092628,1.252911,0.8526842,1.1026,1.389952,0.6963763,0.00546296,0.003378641,0.00675826,0.009831518,0.003570147,0.006426889,0.1015089,0.1749512,1.769524e-07,8.950291e-09,1.085668e-08,3.038154e-10,4.834404,8.456091,0.9525007,1.224935,0.527954
"P0038",0.03550224,0.003551376,0.04146834,0.00141929,0.01875801,0.3597854,0.3287067,0.155375,0.1862827,0.3188018,0.03556817,0.01073987,0.0350416,0.1082962,0.8733002,0.9307714,0.2724454,0.7197702,0.2102554,0.3714911,0.6719045,0.78523,0.3149335,0.9364886,0.05919731,0.3014245,0.7249874,0.8445162,0.8684791,0.4594354,0.4274784,0.9020903,0.8179969,0.9913979,0.6454632,0.2807494,0.2437279,0.8718521,0.7604297,0.2805595,0.4391887,0.1256198,0.4145567,0.4090148,0.1166641,0.2861312,0.3839516,0.3748287,0.1274965,0.4082957,0.2118802,0.3630431,1.454711,0.5188415,0.4745627,0.7805666,0.6591336,0.008806249,0.007222759,0.005456774,0.007102839,0.0054621,0.008584405,0.1795343,0.1427536,1.444845e-07,8.127679e-09,1.549458e-08,3.310606e-10,7.051212,2.948516,1.915703,0.9389105,0.5933321
"P0039",0.04379018,0.008711377,0.01421481,0.03393051,0.02357067,0.343336,0.4508374,0.1758991,0.3035163,0.2384759,0.2556803,0.005319044,0.08084492,0.6829343,0.5827258,0.03127209,0.0225509,0.9981444,0.3907595,0.04421523,0.04215043,0.526132,0.06108468,0.1224869,0.6527149,0.3279975,0.9977728,0.9806702,0.8984706,0.7756671,0.6940285,0.4498893,0.9555934,0.475696,0.5870481,0.7707718,0.6515311,0.4927227,0.3005572,0.3253073,0.4552933,0.3088226,0.2858877,0.2423562,0.43886,0.2998766,0.1777579,0.2932534,0.345578,0.1411211,0.1120957,0.199455,0.672723,1.129006,0.6343815,0.4064398,1.051572,0.007897664,0.004795208,0.008429099,0.00454994,0.008894238,0.007110545,0.2154264,0.1370875,3.139336e-07,5.858126e-09,9.855327e-09,2.855853e-10,3.561025,13.54512,1.584428,0.920991,0.01999561
"P0040",0.03872354,0.007554271,0.01861479,0.0333361,0.01274868,0.3951872,0.04128184,0.2595944,0.2048867,0.2256547,0.05854563,0.0153505,0.05463501,0.3283925,0.3893609,0.1739113,0.8885433,0.4783786,0.5642037,0.5673182,0.6836203,0.5058082,0.8186374,0.06649173,0.2158087,0.167386,0.8329002,0.5838557,0.01049699,0.2770544,0.5046032,0.1022479,0.08965276,0.4279629,0.7342047,0.2985526,0.975437,0.2353349,0.2902163,0.2019726,0.3344082,0.2050806,0.4175549,0.2550628,0.4056673,0.1450445,0.4464682,0.3148789,0.2502378,0.2354731,0.1919122,0.4265099,0.6973843,0.9904979,0.7806718,1.229765,0.4939934,0.004886538,0.004107905,0.009668192,0.00921971,0.002608486,0.003352112,0.1685999,0.1379527,1.990556e-07,3.84176e-09,1.685917e-08,5.32461e-10,1.776783,3.495572,1.986056,1.82594,0.04693056
"P0041",0.03388677,0.03676325,0.03173784,0.02861198,0.02015918,0.1364487,0.1166801,0.09925221,0.2151683,0.307842,0.4399131,0.07410436,0.02588773,0.5547823,0.34378,0.05520429,0.8380721,0.6462471,0.9198499,0.1908696,0.4547357,0.4564038,0.0389245,0.7693058,0.1181443,0.8986208,0.5028082,0.4470747,0.6277426,0.8240833,0.8051152,0.3061912,0.4314438,0.9624553,0.8816883,0.9902938,0.4481942,0.1808215,0.7056304,0.3444294,0.2623348,0.2194766,0.2049724,0.4826553,0.4770552,0.2415369,0.4044132,0.2380308,0.1761636,0.3120473,0.4429813,0.1055849,0.8483021,1.219003,1.373536,0.4427682,0.6159426,0.007368568,0.007524569,0.007015772,0.009870171,0.002837461,0.00341648,0.3805708,0.1731922,1.665753e-07,3.069831e-09,8.656275e-09,3.193112e-10,8.059223,3.062583,1.539739,1.797615,0.03903085
"P0042",0.001533286,0.0229522,0.004606583,0.04380161,0.02143885,0.4079178,0.4214804,0.002623035,0.3179423,0.1124111,0.2024916,0.08034045,0.06284665,0.7726085,0.2093633,0.5981429,0.209416,0.9159672,0.3184257,0.5062147,0.7178174,0.774872,0.1545494,0.2188599,0.3625963,0.1171682,0.3324448,0.3444542,0.1298143,0.5212567,0.1996019,0.7267346,0.2939064,0.4695119,0.3387026,0.4614829,0.5606879,0.134286,0.4260354,0.4103138,0.1077624,0.1418973,0.4549556,0.4182838,0.1409579,0.4692955,0.3494658,0.3087753,0.3486911,0.3237791,0.1377346,0.1714818,0.9784528,1.309756,0.5319833,0.9726872,1.242957,0.005897738,0.002878494,0.003181516,0.005453354,0.007046386,0.005320239,0.2279865,0.2083183,2.016855e-07,3.162437e-09,1.811414e-08,5.191352e-10,7.497818,19.00374,1.017408,0.8950587,0.09948304
"P0043",0.0244054,0.03304217,0.03501318,0.04623936,0.04812931,0.09989498,0.05975421,0.4015013,0.1719255,0.3746231,0.0003707023,0.03437473,0.06889238,0.8112176,0.7694549,0.2339318,0.42469,0.204634,0.3398186,0.901971,0.153445,0.8447566,0.2520352,0.04082418,0.8799513,0.5227184,0.2610306,0.08791456,0.3067636,0.5719495,0.5367887,0.9139796,0.5334012,0.8511529,0.5528842,0.5029675,0.4288299,0.3051433,0.7984648,0.3172793,0.1006547,0.1103039,0.431016,0.1550885,0.297251,0.2744914,0.3460944,0.3867361,0.3159526,0.4540581,0.3610847,0.2581534,0.7933783,1.417104,1.267573,0.688888,0.3749333,0.008037454,0.007245893,0.009729674,0.008919772,0.00844504,0.005083121,0.376436,0.1438813,2.671053e-07,4.397721e-09,6.37727e-09,6.256214e-10,4.431931,17.84419,0.7185834,0.9569743,0.8999943
"P0044",0.04800397,8.618528e-05,0.02002784,0.03933242,0.008645519,0.3187725,0.1463247,0.1042095,0.4321049,0.4097653,0.1678636,0.04742313,0.007996452,0.7680112,0.2314056,0.6484254,0.7008881,0.08998993,0.4146225,0.2742404,0.3092758,0.333961,0.9195389,0.08004498,0.3127402,0.2790362,0.08397194,0.2731896,0.6423665,0.6201123,0.3851342,0.5439362,0.07046384,0.7082593,0.4241598,0.1945496,0.3149575,0.7204051,0.6042702,0.4797254,0.2749372,0.2135223,0.2799561,0.4613361,0.1843718,0.2882917,0.3906639,0.1799821,0.389029,0.1648506,0.4767452,0.1617957,1.105516,0.9533102,0.90596,0.4838891,0.9827658,0.003299087,0.008630983,0.007935649,0.005403082,0.008316917,0.006569481,0.2645028,0.1351554,1.900154e-07,4.927266e-09,1.697219e-08,1.711972e-10,0.5405884,16.62258,1.195687,0.5200358,0.7382443
"P0045",0.04978944,0.02238432,0.03436791,0.01245904,0.006240487,0.2137156,0.3010129,0.4941443,0.3256261,0.2889297,0.3258465,0.04984373,0.01006129,0.7075445,0.8234779,0.8616758,0.3752602,0.01344428,0.4211912,0.03194513,0.1613783,0.8525436,0.07811325,0.7063289,0.1616395,0.3914963,0.3118231,0.04396632,0.4875914,0.9298224,0.8663328,0.7712032,0.3942575,0.397176,0.2810929,0.642718,0.4857238,0.3901365,0.7420749,0.1127112,0.4452273,0.1316643,0.4697875,0.1485525,0.2765767,0.4560424,0.4165809,0.4928431,0.2838664,0.3883152,0.2622406,0.3198069,1.320912,1.347227,0.542332,1.499729,0.5613456,0.004266745,0.006132129,0.007677817,0.005797941,0.005423953,0.004423689,0.3942799,0.1684624,2.651027e-07,8.147905e-09,2.074064e-08,5.44148e-10,4.763318,12.2825,1.155569,1.956559,0.7960889
"P0046",0.01376918,0.004662528,0.04553254,0.04774187,0.007318197,0.2626524,0.2907212,0.2447534,0.07761556,0.2413771,0.09570408,0.06660833,0.06587525,0.3184216,0.2910259,0.6787041,0.5413705,0.6567489,0.2370913,0.6125711,0.8618334,0.1060623,0.4912311,0.5600966,0.2964178,0.18174,0.9716624,0.0725945,0.4106255,0.5821387,0.1121297,0.5040889,0.5695036,0.4996096,0.4556096,0.9838413,0.6260581,0.5940882,0.0537728,0.4324187,0.4733152,0.1499133,0.3501979,0.4753339,0.2481291,0.1503907,0.4328452,0.3827609,0.4033192,0.276544,0.4198425,0.3433506,1.356788,0.8806309,1.118006,1.19395,1.299432,0.008061819,0.005246003,0.004861778,0.004461605,0.009570256,0.009455049,0.1244935,0.2175343,2.462974e-07,4.583626e-09,7.859717e-09,1.89926e-10,8.95916,0.05848404,0.8626644,1.561545,0.8326146
"P0047",0.0003370532,0.03638069,0.0145433,0.04592377,0.02829338,0.186947,0.02880345,0.08180808,0.3591981,0.196995,0.2308788,0.05999689,0.01932026,0.6917048,0.535123,0.6080077,0.1730547,0.162781,0.4839826,0.9702699,0.9873299,0.1879465,0.9613841,0.1773565,0.4851841,0.02257712,0.2088322,0.4267056,0.4375904,0.882438,0.9076066,0.266466,0.7421131,0.0818744,0.6919645,0.434786,0.8558089,0.9062301,0.8615107,0.2244473,0.427978,0.4314479,0.2125659,0.3926297,0.4414967,0.2323798,0.104204,0.4897534,0.3722261,0.3306557,0.4802377,0.4239684,0.7465353,1.659503,0.4204194,0.4276239,0.8971734,0.006708623,0.00770055,0.00683686,0.005033091,0.006680417,0.004890729,0.199278,0.09810874,9.184606e-08,7.670032e-09,1.502256e-08,4.403753e-10,6.180367,6.371239,1.557698,1.479288,0.9657023
"P0048",0.009876283,0.0406744,0.0061795,0.003570143,0.003549655,0.321443,0.2506693,0.3249638,0.09289562,0.3605866,0.3374836,0.06290907,0.0730783,0.02848534,0.7422403,0.98464,0.9753052,0.7348637,0.02535514,0.855458,0.1079407,0.6663555,0.05373501,0.3722328,0.4400215,0.9375293,0.754628,0.2124864,0.09943009,0.1521807,0.8157618,0.6203114,0.6162818,0.4001868,0.9136183,0.2751102,0.4176851,0.1940368,0.02635172,0.1266286,0.2763545,0.3028142,0.1336116,0.3115138,0.3804528,0.1014633,0.1037147,0.1422084,0.271356,0.2171948,0.1594954,0.4321052,0.4969513,0.8001257,1.253204,1.436373,0.9509713,0.005832083,0.003753727,0.004775416,0.008818078,0.003087065,0.007617293,0.2433251,0.1115832,1.557726e-07,4.66341e-09,1.795515e-08,3.802925e-10,0.4541104,9.749299,1.353883,1.205228,0.6877366
"P0049",0.0007368843,0.01646643,0.02434921,0.01450393,0.01394321,0.4708562,0.3656847,0.1451412,0.4024741,0.473228,0.4439404,0.0433319,0.0003274715,0.4170842,0.1103838,0.4948955,0.7729311,0.9448327,0.5132857,0.232772,0.2757016,0.265367,0.9728164,0.852843,0.2070723,0.5389667,0.9694033,0.1756635,0.1874366,0.4476789,0.8575095,0.1433009,0.5872766,0.7573768,0.6575871,0.05107562,0.501479,0.769712,0.6205346,0.2237073,0.232275,0.270337,0.3877533,0.4377829,0.2563501,0.386829,0.1927752,0.2624637,0.2403593,0.176899,0.4094093,0.1238007,1.373344,0.8991159,0.9571657,1.157237,1.223414,0.006082053,0.007990985,0.003169598,0.006611695,0.007122134,0.00572988,0.1409812,0.2448931,2.331208e-07,8.889187e-09,1.09835e-08,2.517745e-10,6.872963,18.32296,1.844177,1.850877,0.1813119
"P0050",0.01179762,0.04486582,0.04363843,0.01549732,0.01734213,0.4904624,0.1387726,0.4463635,0.1585116,0.3396034,0.03101663,0.06933455,0.06472347,0.5830248,0.3552803,0.38144,0.3465184,0.3984221,0.836533,0.06065595,0.9471061,0.5799395,0.2937595,0.8179181,0.3496902,0.7993724,0.5852427,0.6338002,0.7599246,0.02952283,0.7935651,0.76017,0.01872934,0.1731944,0.8121449,0.6132623,0.2271088,0.9291831,0.3559394,0.2861483,0.1500387,0.1743368,0.3382573,0.3493913,0.203677,0.3008777,0.4886337,0.3387335,0.4944632,0.1512279,0.4559773,0.2667708,0.7568688,1.427864,1.372321,0.8553016,0.9416305,0.009041547,0.002521214,0.007425223,0.009613245,0.006061591,0.006213859,0.3499453,0.1035393,8.490238e-08,8.50978e-09,1.1854e-08,3.265001e-10,4.674578,13.86014,1.906607,1.307223,0.8690583
"P0051",0.01420335,0.0172206,0.01007786,0.0008423913,0.02158291,0.3075628,0.1789456,0.4292996,0.3972503,0.3288871,0.009714767,0.06080808,0.06188332,0.6480549,0.1089702,0.9173744,0.5367424,0.005871445,0.9263076,0.5859184,0.01955159,0.1187892,0.6683711,0.7843286,0.03970552,0.9172128,0.7413302,0.740179,0.26546,0.03898094,0.6525985,0.1817257,0.005670714,0.6156625,0.3485794,0.6874857,0.9281176,0.8421139,0.6319643,0.3668404,0.4151008,0.2477608,0.4676648,0.2119859,0.4334437,0.1072554,0.1342851,0.1501593,0.3161356,0.2572994,0.3126394,0.3360379,1.008749,0.8364317,0.7328822,0.5232953,0.5044653,0.007959729,0.009720498,0.006247805,0.003260646,0.004111762,0.006168777,0.319057,0.1055501,2.130927e-07,6.367963e-09,7.039552e-09,3.903343e-10,0.2177752,1.345024,1.732528,1.734785,0.7561998
"P0052",0.04544743,0.02872019,0.02467035,0.01550617,0.04008188,0.3751169,0.2581481,0.1955301,0.2361014,0.1869241,0.1443127,0.007680234,0.08597909,0.0001532717,0.04265604,0.7553443,0.7693559,0.4937083,0.5233213,0.2549525,0.1337237,0.9830184,0.8801006,0.6817389,0.6629802,0.04898437,0.465751,0.9449136,0.8806716,0.2339382,0.8289,0.6597509,0.5576267,0.5195414,0.908545,0.1394872,0.6861675,0.2712419,0.6558148,0.4272479,0.1091055,0.4568043,0.2097053,0.476677,0.1503884,0.1566037,0.263162,0.4355097,0.1933374,0.3363139,0.3043985,0.1413752,0.8075978,0.4548187,0.4663837,0.9326049,0.5120943,0.009476726,0.009551611,0.008613603,0.003929817,0.005246516,0.003848549,0.3246106,0.1557981,2.578281e-07,8.339622e-09,2.007658e-08,2.703824e-10,0.0414939,9.896928,0.5989701,1.312144,0.4931951
"P0053",0.04175982,0.02406053,0.008541253,0.0003605119,0.02497947,0.4845806,0.2796165,0.4228871,0.3218494,0.01940111,0.09293403,0.05493491,0.09188053,0.2277265,0.6226469,0.9448514,0.9331517,0.2207215,0.08725821,0.4054807,0.785295,0.5634406,0.5490037,0.4514297,0.6738036,0.461211,0.5797964,0.5106439,0.9613891,0.6376015,0.1305088,0.1201327,0.6355326,0.8822427,0.7851321,0.09949684,0.1039912,0.6719223,0.1526529,0.4382049,0.2401671,0.2848388,0.3632301,0.1970138,0.3716924,0.3965509,0.3700764,0.107249,0.1483816,0.20097,0.4963512,0.2625841,1.157671,0.6650987,1.521979,1.535988,0.7501366,0.005998817,0.009903031,0.007315773,0.004280344,0.00873705,0.009673712,0.2382993,0.2474064,2.565627e-07,3.368904e-09,2.113837e-08,4.830989e-10,5.491984,6.154431,1.631035,1.196548,0.7637471
"P0054",0.003269538,0.01190752,0.03647763,0.04841596,0.002532478,0.05829811,0.4036772,0.107776,0.4397693,0.1513269,0.1757125,0.05631783,0.03030238,0.03099441,0.5951145,0.7760789,0.8048963,0.1874142,0.594466,0.1864911,0.6918101,0.9407922,0.5098746,0.0227516,0.1863409,0.6827666,0.1177848,0.8915807,0.8148724,0.8994349,0.04554415,0.5738753,0.3656644,0.7731876,0.4087184,0.5464872,0.8690661,0.1265378,0.08028729,0.1063469,0.3894315,0.3147219,0.3085138,0.1751129,0.1462158,0.1539571,0.3166282,0.4659637,0.168037,0.2967763,0.1193897,0.4778751,1.050614,1.632992,0.8860596,0.7057069,0.6558846,0.009449158,0.009125955,0.006695147,0.006195414,0.009239872,0.005130254,0.1841698,0.1953462,2.502604e-07,9.218191e-09,8.908205e-09,6.056555e-10,5.127168,1.928841,1.694682,1.669426,0.269851
"P0055",0.03682062,0.01302779,0.03248817,0.007374793,0.005808487,0.4104775,0.09662923,0.09176462,0.345819,0.1560306,0.01267004,0.08114486,0.09805034,0.6324816,0.5456569,0.2664403,0.6960778,0.4807627,0.8851333,0.1073683,0.7442908,0.8839014,0.1731224,0.8450185,0.6824781,0.152143,0.9472328,0.8019121,0.8027924,0.5008713,0.6866252,0.9887774,0.8343619,0.9595093,0.2579693,0.876745,0.8116673,0.816188,0.9473627,0.1850426,0.1650326,0.3536924,0.4386757,0.1792487,0.1034631,0.3642131,0.3535435,0.4531794,0.1283042,0.4357344,0.2664256,0.4503428,1.081299,1.681516,1.115272,0.8661017,0.9674907,0.008794704,0.003264738,0.009469969,0.002572935,0.007916288,0.004264287,0.3009255,0.2212215,2.61723e-07,5.64342e-09,1.47242e-08,5.960048e-10,0.3742993,10.56972,1.212377,1.056414,0.3928175
"P0056",0.03512111,0.02994664,0.009005413,0.02062552,0.04419418,0.07101768,0.09290977,0.3887117,0.2705721,0.09900212,0.1510759,0.01432237,0.08282142,0.9499675,0.264352,0.1656698,0.5103592,0.5605119,0.7892493,0.7891422,0.4130556,0.07395027,0.09947068,0.6073307,0.9921319,0.1417449,0.8059304,0.8619752,0.1363954,0.8429449,0.8748104,0.4571403,0.2471341,0.6459218,0.5482318,0.5167148,0.2075938,0.3346486,0.8053643,0.2194156,0.3870783,0.3347626,0.1406066,0.4343659,0.3478983,0.4838062,0.4777669,0.274354,0.4491409,0.3032069,0.1731637,0.1300174,1.120262,1.469992,1.440841,0.8692815,0.7126147,0.008494493,0.007011353,0.003383317,0.004197418,0.002553111,0.005441352,0.1481001,0.06553588,1.076624e-07,8.839416e-09,9.960769e-09,3.708195e-10,5.362135,17.24332,1.788499,1.269324,0.4618951
"P0057",0.004709003,0.04561814,0.01190287,0.0183263,0.002096315,0.2768961,0.4056034,0.1743626,0.1454437,0.4819444,0.4214374,0.07287193,0.02048688,0.7839963,0.4113926,0.7144828,0.1606568,0.06116689,0.7510037,0.5147031,0.09542566,0.7960492,0.789437,0.906683,0.7397215,0.1719472,0.7793589,0.7121527,0.7733738,0.01945974,0.2516066,0.8922116,0.5104836,0.7685231,0.308582,0.5293801,0.4989034,0.1153578,0.06897952,0.3723039,0.3924312,0.1945128,0.3133041,0.3006795,0.2873916,0.4139377,0.4510338,0.472124,0.3837821,0.4587018,0.3529948,0.4834668,0.4839602,1.154649,1.481106,1.487359,0.6718683,0.006379366,0.008315599,0.004970841,0.009542351,0.005328427,0.006391845,0.217054,0.240305,2.16481e-07,6.954285e-09,7.290179e-09,3.536118e-10,4.124176,17.58196,1.961347,1.256711,0.2284305
"P0058",0.01658777,0.001082302,0.01810891,0.04510892,0.04590446,0.2292012,0.3366394,0.4710617,0.18412,0.1054125,0.2089768,0.01233511,0.05952527,0.9111307,0.8367149,0.5095964,0.1380556,0.1921014,0.8211195,0.2051337,0.8090335,0.2434961,0.3914506,0.4293163,0.6483719,0.03321414,0.2818721,0.02836699,0.9180224,0.7493972,0.9912068,0.8715498,0.919152,0.1111561,0.1770692,0.3472463,0.7745983,0.4106778,0.9341639,0.3091828,0.1414546,0.4919899,0.2024106,0.3886425,0.3392747,0.2280844,0.3724703,0.4078861,0.1576508,0.3596745,0.1642464,0.2356879,0.5592738,0.4667603,1.040536,0.9227571,1.020877,0.004356978,0.006537568,0.006439284,0.008245354,0.00324125,0.009888104,0.2884577,0.07404894,2.269978e-07,3.66596e-09,1.400971e-08,5.486679e-10,7.746647,4.221891,0.5489429,1.188515,0.4273931
"P0059",0.03728931,0.01082343,0.0009477547,0.009340532,0.03645581,0.1548581,0.1648202,0.1689542,0.09641653,0.4279888,0.3649691,0.09402878,0.04573013,0.1915381,0.1454525,0.3664569,0.9833538,0.7766881,0.935365,0.8380253,0.735705,0.8014643,0.8383227,0.3476798,0.9625359,0.2927671,0.4771536,0.8527039,0.9297115,0.9958848,0.06520446,0.9218406,0.1270022,0.636769,0.004121853,0.8029961,0.136776,0.6187913,0.7574905,0.3157231,0.2595132,0.3315354,0.4273734,0.4643517,0.3536741,0.1684887,0.3594679,0.1860839,0.155999,0.16998,0.4300595,0.2061278,1.408105,1.324678,0.5968969,0.5498123,0.7702072,0.003750787,0.009009923,0.009339568,0.009974815,0.005693935,0.009118436,0.1229914,0.2010217,8.947768e-08,6.980538e-09,1.157942e-08,2.077365e-10,9.874041,12.92262,1.983622,1.145707,0.5686832
"P0060",0.006370827,0.001853151,0.02865041,0.03198105,0.01490617,0.4661309,0.4144965,0.190488,0.2214728,0.08085605,0.1749532,0.07749159,0.09745928,0.7381204,0.8547192,0.1514574,0.8998045,0.5955453,0.4769649,0.8221191,0.7231623,0.02995156,0.8578189,0.5889946,0.409167,0.5488039,0.6662896,0.3933739,0.1966843,0.05073473,0.2661068,0.6650262,0.7147369,0.3190608,0.4497484,0.8646349,0.1698152,0.2865964,0.194075,0.2146748,0.1795235,0.4226943,0.4512066,0.1404829,0.3054449,0.2501029,0.2541594,0.2919799,0.2962365,0.2131371,0.1042532,0.1441224,1.2088,1.674284,1.387441,1.349797,1.061668,0.002641534,0.006243545,0.009301784,0.009446948,0.003149085,0.009175279,0.2762618,0.2552963,2.908505e-07,6.460183e-09,1.427341e-08,5.887302e-10,0.1199468,2.490714,1.447037,0.5733406,0.6215268
"P0061",0.005493024,0.02164697,0.04691008,0.01776105,0.03562357,0.3473762,0.2068731,0.03817743,0.26372,0.4304526,0.4966254,0.06359084,0.0677401,0.08581729,0.6598799,0.9299656,0.7890422,0.02453696,0.9448982,0.1198306,0.0704044,0.4900047,0.7767525,0.1833519,0.2257039,0.5123348,0.4436395,0.938232,0.6965462,0.3538977,0.4009319,0.3709279,0.09781802,0.7916274,0.8956029,0.109701,0.8948945,0.05512268,0.8976667,0.2299402,0.2812924,0.2645802,0.1518812,0.1339582,0.2360047,0.3764178,0.1528458,0.1894956,0.4305541,0.3277488,0.1349357,0.1798926,1.371225,1.010025,1.331898,1.145452,0.548577,0.007571779,0.006826841,0.008284551,0.007975116,0.005855265,0.002579259,0.1819045,0.1243468,3.094884e-07,2.438198e-09,1.286871e-08,2.385164e-10,8.826623,10.86275,0.9800931,0.9677815,0.2538475
"P0062",0.001444607,0.04683844,0.02324319,0.02180211,0.0260251,0.06340958,0.02208885,0.2496454,0.03922029,0.4002689,0.4070878,0.06122913,0.01566269,0.800784,0.7816616,0.3788099,0.9500974,0.811201,0.3700024,0.5441276,0.2934804,0.08762207,0.0466724,0.1482891,0.9485207,0.5739265,0.6455568,0.929593,0.8595992,0.5387716,0.3370008,0.6008816,0.1728757,0.1677126,0.02463103,0.4769001,0.5391584,0.9492046,0.7836693,0.3765438,0.1999302,0.1649282,0.2261377,0.442602,0.292553,0.2161864,0.1502862,0.2117798,0.2457056,0.1146355,0.4649831,0.3538582,0.8722847,0.5533201,1.546876,1.411557,1.257725,0.002749496,0.005910802,0.003639752,0.007734287,0.00732434,0.007355833,0.3352553,0.09012448,1.309072e-07,8.271434e-09,1.263598e-08,6.155816e-10,8.29712,7.481027,0.772198,1.972952,0.5138519
"P0063",0.02114515,0.02606547,0.003801743,0.02748945,0.02668699,0.328309,0.3869826,0.3825345,0.1120001,0.4521161,0.1569871,0.08911816,0.03843066,0.1337957,0.09255431,0.426823,0.795154,0.1537877,0.9719339,0.3249909,0.3890974,0.3959022,0.6885516,0.9554749,0.9877395,0.6425027,0.1706692,0.6086126,0.2348906,0.8089463,0.8985717,0.3334562,0.9226552,0.01464356,0.9754319,0.4973628,0.9054863,0.8365669,0.432314,0.2671362,0.493638,0.1772214,0.1618521,0.3435714,0.2313968,0.4235385,0.2128861,0.3652338,0.464312,0.1210933,0.2377001,0.4751848,0.4042325,0.6289647,1.305674,0.6583684,0.4450509,0.002818132,0.009689231,0.004534384,0.009668025,0.006929403,0.005721703,0.3650796,0.2107442,1.218095e-07,7.982961e-09,1.965732e-08,5.823866e-10,2.612443,2.053713,1.053078,1.848153,0.1616432
"P0064",0.03752877,0.005022932,0.03759271,0.0425487,0.03662389,0.4546246,0.3087508,0.4312415,0.4262812,0.2550268,0.01917909,0.09965799,0.02306505,0.9758107,0.3334622,0.008384055,0.6558754,0.2769398,0.03064322,0.7744358,0.3674959,0.3596575,0.1011411,0.05617412,0.1435323,0.01237787,0.7385792,0.6445855,0.6530841,0.1636606,0.001622799,0.0524328,0.4545665,0.3739461,0.1683683,0.3125682,0.3391364,0.629669,0.9714807,0.2696756,0.2918884,0.324823,0.3785678,0.106797,0.3098719,0.4906356,0.3229872,0.4269795,0.340228,0.1849188,0.2073775,0.2137416,0.9617277,1.518113,1.314679,1.007072,0.4702934,0.009622527,0.008740812,0.002931936,0.009701682,0.002788869,0.006539631,0.3932746,0.1473943,1.01242e-07,6.580551e-09,1.329399e-08,2.120368e-10,1.259037,15.00584,0.930609,1.081061,0.9595714
"P0065",0.00255038,0.01576338,0.03557744,0.00817946,0.0009263867,0.181359,0.2655276,0.2804728,0.479365,0.3657303,0.1807451,0.01736023,0.07798319,0.9607032,0.9978435,0.5625417,0.9418466,0.9583389,0.8995942,0.8743618,0.6250837,0.363392,0.2768478,0.8876939,0.4987697,0.00616842,0.5513056,0.190234,0.5216743,0.5107258,0.9754316,0.4222444,0.6906005,0.181168,0.5235374,0.0454204,0.5154776,0.4658182,0.2759762,0.457408,0.488838,0.2205742,0.1085317,0.4260639,0.4905449,0.2044298,0.1828759,0.1826137,0.4212993,0.2285969,0.2986632,0.4048997,0.4268881,1.497517,0.9648288,1.1735,0.4890634,0.006583167,0.009332606,0.006389353,0.008056163,0.009787494,0.008666696,0.1589353,0.139279,2.222239e-07,6.5135e-09,5.478568e-09,3.775391e-10,0.6413115,14.80807,1.700975,1.399796,0.8428385
"P0066",0.01612593,0.02070805,0.04347625,0.01367426,0.01841569,0.3343381,0.2738868,0.05343166,0.0415136,0.2724415,0.4704102,0.02902232,0.02957869,0.9017687,0.4444661,0.5370642,0.5613722,0.2969401,0.6971415,0.1290089,0.9546216,0.3485804,0.6594818,0.9884496,0.09843686,0.8394802,0.02115612,0.828493,0.7128271,0.2481486,0.1822695,0.1551727,0.7368665,0.02093556,0.06639205,0.2488205,0.8377108,0.6381547,0.111111,0.1647959,0.207106,0.3597978,0.3546233,0.4154203,0.1294978,0.4082779,0.1607474,0.1992117,0.2074818,0.3803895,0.4027063,0.4587868,0.6913051,0.7166188,0.4063357,1.106323,0.8405851,0.003604537,0.002733069,0.00262947,0.00346398,0.006329462,0.009002901,0.3553645,0.1509434,1.932728e-07,2.614917e-09,1.537593e-08,3.13459e-10,9.176033,4.449572,0.5754467,1.580884,0.3557474
"P0067",0.04742354,0.004033382,0.005296657,0.001886407,0.03090017,0.431642,0.4331426,0.4383787,0.4154462,0.4634364,0.2708318,0.01177374,0.05827212,0.6034059,0.795775,0.8028952,0.3980414,0.7654757,0.6343763,0.8125554,0.8433686,0.6246388,0.1317009,0.5405543,0.5546647,0.8829218,0.1460357,0.6544546,0.7687159,0.9787932,0.1473527,0.2193074,0.8993626,0.6797571,0.1412125,0.06045265,0.2110027,0.07518543,0.6667961,0.196326,0.4008606,0.3664268,0.1455651,0.1853463,0.1093942,0.4532188,0.1385721,0.3929228,0.4166074,0.4617665,0.1705908,0.2981377,0.5507622,0.8727185,0.9297563,0.4919351,0.6922275,0.007181983,0.006872748,0.009914604,0.007753261,0.008619076,0.008318773,0.3156794,0.1770487,1.400818e-07,3.768283e-09,2.045974e-08,5.177629e-10,2.028105,2.600155,0.5041952,0.5495989,0.1763587
"P0068",0.04265126,0.02932275,0.04034269,0.04188912,5.683145e-05,0.02272887,0.06985297,0.2692384,0.4122065,0.08600202,0.08183974,0.04496047,0.01662234,0.522386,0.0600084,0.5404714,0.4085829,0.7416409,0.1846362,0.1494396,0.7061926,0.707742,0.601608,0.9242913,0.5645408,0.8428057,0.6995762,0.6247071,0.3718852,0.3497353,0.7332462,0.1663346,0.6632544,0.5615077,0.8758966,0.02896649,0.6329261,0.4364694,0.9121506,0.1885242,0.4238995,0.2540531,0.1672181,0.3279515,0.3434883,0.119862,0.4573979,0.1278074,0.1868205,0.4482888,0.2694353,0.4021389,1.313043,1.525532,0.852226,0.4690003,0.440008,0.003428526,0.004749145,0.003516848,0.00497395,0.006591259,0.008088872,0.2209802,0.1962092,1.107178e-07,7.237576e-09,1.865329e-08,4.712271e-10,9.401068,7.389338,0.882801,1.871872,0.8844904
"P0069",0.01990859,0.04513446,0.005874752,0.03623869,0.03926325,0.01456095,0.2627449,0.1812189,0.253567,0.01386143,0.2264301,0.02494852,0.03355105,0.05618759,0.438127,0.6964308,0.5713297,0.3235267,0.7154415,0.1315927,0.546798,0.7370102,0.3531264,0.09817238,0.8474109,0.9297027,0.9077469,0.2614433,0.3475297,0.4094241,0.0554979,0.07175572,0.1546515,0.5720762,0.2717849,0.7895335,0.235359,0.171678,0.9544884,0.1686541,0.1618975,0.2797912,0.1941564,0.4041491,0.363427,0.4302493,0.2882916,0.4281984,0.1747381,0.1273185,0.3921977,0.4712979,1.399962,1.4082,1.049702,0.5383965,0.362163,0.008988452,0.003532793,0.004101711,0.003744207,0.006289981,0.006066478,0.3714741,0.07725295,2.23767e-07,4.15323e-09,2.093247e-08,2.197865e-10,2.568683,15.72022,1.412894,1.28351,0.9090633
"P0070",0.0270746,0.01425223,0.02940329,0.006130972,0.03176496,0.2696205,0.1424492,0.01468809,0.4616625,0.0008372053,0.4164333,0.08518789,0.02717843,0.4567744,0.2260533,0.08987023,0.1575671,0.8892367,0.2247136,0.6756444,0.2109382,0.5155625,0.6141832,0.9737837,0.7959084,0.6668836,0.8293737,0.900991,0.03216079,0.8384718,0.7517397,0.959348,0.9088865,0.155158,0.57921,0.390783,0.395313,0.824333,0.9060294,0.401812,0.3487391,0.4605626,0.2680315,0.1921961,0.1695423,0.3309663,0.1865984,0.3300976,0.215285,0.1306166,0.1256877,0.4303766,0.4787074,0.5108292,1.556576,0.799622,0.3902021,0.003050238,0.006940434,0.005900051,0.0036157,0.003971503,0.0041469,0.3686617,0.1204481,3.199122e-07,5.24608e-09,5.998239e-09,2.537215e-10,6.065038,7.683068,1.136657,1.038039,0.8018929
"P0071",0.00860138,0.03922456,0.002507416,0.03811437,0.04982541,0.3743684,0.127632,0.1850414,0.08399806,0.1026327,0.07413428,0.09330811,0.003291053,0.1859494,0.6999571,0.8350247,0.06343475,0.9886337,0.2705061,0.3195882,0.5659993,0.6836991,0.7266579,0.2777675,0.002239372,0.6975202,0.329313,0.7573218,0.6775026,0.3976857,0.2865828,0.2736888,0.6001656,0.4515656,0.2353379,0.690424,0.144431,0.9789898,0.2118295,0.4696696,0.3660645,0.4956945,0.443343,0.3349877,0.2106495,0.1611135,0.3384428,0.2466057,0.3265805,0.3687953,0.4955843,0.4654139,1.265588,1.457146,0.7467889,0.5694695,0.5263067,0.006899791,0.004338484,0.009534243,0.002920639,0.008215438,0.008262525,0.2364681,0.1889038,2.198428e-07,4.84847e-09,1.668089e-08,4.664856e-10,1.591669,0.4377909,0.6702492,0.7786214,0.3776398
"P0072",0.04563374,0.007116994,0.02298605,0.00781769,0.03302896,0.008069578,0.1209558,0.2231981,0.1276871,0.2052333,0.1630007,0.05173115,0.07232721,0.3580489,0.1519932,0.2496721,0.08104937,0.1764281,0.2955393,0.9532973,0.1751556,0.3112138,0.747436,0.2673385,0.2654374,0.8727088,0.8982218,0.2249697,0.6872024,0.7676885,0.4361994,0.06137096,0.1456776,0.1079221,0.4924594,0.9112178,0.9991439,0.9867606,0.9901772,0.2930837,0.4040981,0.4037676,0.3954043,0.4929814,0.2469654,0.1429532,0.4306976,0.1117091,0.1031108,0.3762315,0.1426366,0.1745248,1.499802,0.5844081,1.301729,0.9873746,0.999623,0.006287237,0.005125739,0.00978157,0.003124951,0.004406028,0.00982654,0.2792286,0.09232998,2.408194e-07,2.854603e-09,1.838089e-08,2.906433e-10,2.236318,13.63618,0.5610337,0.6115323,0.6701732
"P0073",0.04425852,0.02393124,0.01053924,0.03428823,0.01938359,0.1162853,0.1725313,0.4428738,0.05465574,0.4470236,0.3234141,0.05747974,0.04149632,0.1278941,0.918821,0.5719548,0.4418709,0.1306249,0.1988239,0.3842212,0.7588748,0.7261735,0.5684461,0.64505,0.7712279,0.7034533,0.1373375,0.8868665,0.20099,0.09161698,0.1276143,0.8658466,0.06383988,0.535281,0.08194198,0.03261036,0.9358326,0.0667278,0.2208337,0.2758811,0.342661,0.1023073,0.3564908,0.2462033,0.4199361,0.2831474,0.2278106,0.3887687,0.4263435,0.1021748,0.2553499,0.444364,0.9113288,1.597382,1.412895,1.127726,1.121286,0.008343755,0.007540327,0.007225571,0.002712097,0.003923952,0.005540538,0.3847877,0.1853355,1.834812e-07,9.051019e-09,1.632029e-08,3.56189e-10,8.560842,1.497997,0.6166051,0.809292,0.5349547
"P0074",0.02632958,0.04169536,0.01613144,0.01155902,0.0122122,0.09498597,0.1558255,0.01583396,0.08816038,0.4921998,0.1029413,0.07879432,0.03697418,0.09470191,0.6601591,0.5245163,0.912164,0.8363582,0.9504279,0.8457907,0.9922601,0.2394749,0.1661124,0.4480878,0.9286502,0.07811804,0.2730922,0.5927921,0.9900118,0.0004560889,0.7815679,0.03764846,0.5297237,0.6956783,0.1072285,0.005450513,0.5231075,0.7593677,0.5434322,0.13424,0.2119907,0.1564385,0.323327,0.4858335,0.2885096,0.1766801,0.1160658,0.4832991,0.4697424,0.4922174,0.4368042,0.1373407,1.46832,0.5677792,0.9038051,1.108903,1.126412,0.006784665,0.009505236,0.008853473,0.007156478,0.004715872,0.009767308,0.1699426,0.2282576,1.319583e-07,2.926315e-09,1.888758e-08,6.384949e-10,2.74781,13.30585,1.111465,1.805163,0.9857532
"P0075",0.006923155,0.006522538,0.02849133,0.04051632,0.02273021,0.1715106,0.005438535,0.07773343,0.001633063,0.04965192,0.3962849,0.07610242,0.06624657,0.07551569,0.3204365,0.2723927,0.6737877,0.2438287,0.3295706,0.07598139,0.5812312,0.03415202,0.4038809,0.7588449,0.9765181,0.06622827,0.8876051,0.2321419,0.006917149,0.06117626,0.6063961,0.9301579,0.1399113,0.7325185,0.9246436,0.8405061,0.3212748,0.407342,0.2380007,0.1027426,0.135289,0.2822274,0.4087811,0.4960821,0.3723012,0.1356157,0.2163427,0.3453477,0.2765178,0.1451759,0.4444192,0.1860084,1.504178,0.6237928,1.152429,0.7420004,1.080174,0.007031323,0.004906268,0.003054299,0.005070191,0.008097947,0.003110232,0.257071,0.2534752,1.486104e-07,5.220146e-09,2.037088e-08,6.427414e-10,0.773552,16.56674,0.9670241,0.905246,0.9918838
"P0076",0.04220832,0.01503367,0.02713242,0.04749954,0.01576065,0.101977,0.06047686,0.4664157,0.1377297,0.1150295,0.1088276,0.02628707,0.07842657,0.6133498,0.1950823,0.9096104,0.8142311,0.1043051,0.7980964,0.02694196,0.05202349,0.2113874,0.9907827,0.6621287,0.07832452,0.6734989,0.4133744,0.3749426,0.1514131,0.0472497,0.7139186,0.08550866,0.9436876,0.977108,0.5109243,0.9422366,0.9861739,0.5707011,0.3406874,0.4969963,0.1454149,0.2581754,0.406748,0.1141334,0.4497873,0.3167927,0.415461,0.1122451,0.4117673,0.2521857,0.2901989,0.4167888,1.488975,1.606358,1.183725,1.242979,1.190579,0.00617033,0.005848702,0.005306053,0.007391176,0.008853585,0.009371201,0.3752,0.1490261,8.555544e-08,8.416364e-09,1.354267e-08,1.966305e-10,5.799292,19.34814,0.7526652,1.529069,0.3452541
"P0077",0.0234268,0.03236776,0.002304239,0.005069432,0.02713618,0.08688618,0.4992384,0.2003746,0.4080792,0.007045509,0.3005874,0.02065898,0.08822222,0.5962288,0.9607279,0.4886344,0.8508045,0.4507948,0.5402852,0.01398036,0.636227,0.1731656,0.003853674,0.1134138,0.1774147,0.2113908,0.06675509,0.2014552,0.3630981,0.8690251,0.441426,0.8045237,0.3310688,0.05100651,0.9514064,0.7653566,0.2951688,0.7156476,0.1624126,0.3040928,0.3117225,0.2262348,0.4927112,0.1911411,0.3160544,0.1102904,0.1970893,0.2061454,0.3021009,0.4473849,0.3033767,0.1356022,1.077958,0.9581923,1.358008,1.277367,0.412356,0.005685975,0.005712166,0.003785901,0.004750863,0.009756431,0.003998828,0.3375857,0.2201358,1.547922e-07,9.513292e-09,1.947262e-08,5.388565e-10,8.432273,15.89319,0.5366394,0.6353466,0.1352615
"P0078",0.02562332,0.04010529,0.008061984,0.02647439,0.03123446,0.4019435,0.231511,0.4517416,0.02362502,0.4874319,0.4480465,0.0750913,0.09582527,0.5617884,0.8141397,0.01210245,0.9904314,0.9224692,0.122938,0.8864218,0.9692154,0.6940656,0.5989211,0.3222005,0.3967788,0.5543783,0.5904136,0.3116613,0.9438423,0.2596133,0.931475,0.2254366,0.5019731,0.136566,0.4846983,0.335037,0.3042523,0.7346032,0.7779576,0.4145868,0.4794315,0.3759557,0.1065909,0.1250364,0.1575774,0.3343589,0.4362249,0.1357427,0.3564938,0.4722606,0.1482619,0.1179113,0.844702,1.000767,1.081587,0.8337859,0.932534,0.009948342,0.002575837,0.008676982,0.005709254,0.003676979,0.008386112,0.1875576,0.1577553,1.815355e-07,5.35072e-09,1.132044e-08,5.368085e-10,8.747665,5.194323,1.933494,1.473214,0.2885978
"P0079",0.004426617,0.01040174,0.01361449,0.01148467,0.04123334,0.4206604,0.3984879,0.1355616,0.4913537,0.06766354,0.477503,0.04668793,0.09292929,0.8543066,0.05557493,0.3484162,0.749405,0.07563743,0.8413948,0.7667493,0.2096822,0.7479775,0.08880052,0.5028182,0.02610619,0.8077027,0.7967294,0.5644705,0.8355248,0.6026241,0.677685,0.2524842,0.3211731,0.6277856,0.9430376,0.1293239,0.7481872,0.9908556,0.1880437,0.1094231,0.368843,0.2433405,0.246233,0.171832,0.4647199,0.3449263,0.387652,0.4764455,0.2557076,0.1340034,0.1313426,0.2248606,0.4685085,1.029956,0.7150695,1.479251,1.287677,0.005113751,0.003555062,0.005511866,0.004666012,0.004950258,0.00791941,0.3547243,0.1624829,9.444334e-08,3.880411e-09,1.980803e-08,4.022382e-10,4.567443,18.70869,1.174053,1.574178,0.6401562
"P0080",0.01474586,0.02040673,0.02694642,0.02815961,0.001421628,0.4456568,0.03945426,0.03340399,0.338687,0.04147388,0.382583,0.04075052,0.09421402,0.1627164,0.2117595,0.103959,0.4833601,0.3515737,0.7653416,0.6585351,0.9231825,0.9586446,0.2268941,0.3817691,0.5340744,0.7191578,0.359342,0.1547699,0.570868,0.2026901,0.01139054,0.8597332,0.7243651,0.145438,0.03964213,0.08699901,0.09772348,0.8571071,0.03360561,0.4506468,0.3374702,0.4371056,0.4839638,0.3233671,0.1524006,0.3419211,0.2568238,0.2244064,0.4546546,0.2661363,0.3728801,0.3739841,0.889453,0.4318717,1.190612,0.622761,1.029431,0.007680976,0.007093281,0.008920487,0.006854313,0.009878188,0.003885271,0.1344743,0.2595821,2.351833e-07,5.404704e-09,1.207033e-08,1.835864e-10,4.329707,12.70254,1.952797,0.7180435,0.9382849
"P0081",0.02365024,0.0414506,0.02051684,0.02304718,0.04300866,0.2230929,0.1092628,0.02161824,0.1015817,0.1759093,0.4025558,0.0877734,0.0965838,0.8614646,0.6464935,0.07904709,0.1150565,0.1170217,0.6643539,0.9196646,0.4716702,0.7578573,0.9442709,0.4931503,0.8581041,0.6210679,0.1533842,0.4746818,0.0855724,0.7801903,0.4507378,0.8424119,0.3598221,0.683217,0.3708366,0.6218373,0.05312925,0.09480278,0.5517893,0.2394301,0.3779032,0.473221,0.364616,0.110796,0.3015272,0.3617671,0.2996591,0.4411325,0.4477206,0.2111107,0.3893887,0.332413,1.424657,1.365116,0.3991527,1.583235,0.5722136,0.002884374,0.008920797,0.002960327,0.005936192,0.006478703,0.004469817,0.1083597,0.1134873,2.296583e-07,4.078952e-09,8.444404e-09,5.711037e-10,1.477172,19.53916,0.6247945,1.402523,0.008697492
"P0082",0.0449404,0.01802473,0.04839617,0.04455684,0.04648557,0.01688218,0.4687208,0.0492291,0.229792,0.07887415,0.3685999,0.001653099,0.05618704,0.6234721,0.07802126,0.8727824,0.04817963,0.9647203,0.5044671,0.7968616,0.8276783,0.4276709,0.6798327,0.8975993,0.2490562,0.6083273,0.6862382,0.9599362,0.1787486,0.4960248,0.5207698,0.6775793,0.5421858,0.4842891,0.3857201,0.6351594,0.6779958,0.4480028,0.7268621,0.2577052,0.3720927,0.1549419,0.3025127,0.2920007,0.1631983,0.2559054,0.1275117,0.487715,0.1431257,0.4909975,0.3584059,0.2958671,0.6702194,0.7424496,0.7530431,1.040809,0.9910436,0.009386851,0.007921085,0.00996923,0.006424082,0.009482624,0.00368643,0.1736977,0.1629249,1.953188e-07,9.596303e-09,5.453362e-09,5.74695e-10,6.667291,19.78391,1.22752,1.702685,0.08077306
"P0083",0.03488546,0.03711973,0.04290361,0.02785354,0.04853938,0.04172959,0.07516636,0.1325003,0.2401152,0.4579348,0.3887804,0.04550238,0.08791127,0.4634013,0.3751169,0.1395752,0.2923849,0.5041976,0.04497984,0.7525003,0.7698605,0.9105013,0.3001368,0.998255,0.716782,0.4965323,0.09415733,0.06440526,0.7362341,0.5914772,0.7047346,0.02521188,0.7979386,0.5427507,0.7901025,0.6659357,0.3417586,0.8045185,0.8476577,0.4479638,0.1259291,0.1998474,0.159294,0.4693334,0.3999462,0.3935984,0.1409943,0.2568069,0.1356531,0.2503149,0.3476865,0.2855016,0.5334313,1.502962,1.340517,1.333659,0.6285145,0.002501126,0.009848192,0.00596646,0.003785666,0.006123356,0.00951229,0.1425124,0.2336538,2.784047e-07,8.739299e-09,1.91773e-08,3.389486e-10,7.287003,14.67859,1.59626,1.350216,0.1163857
"P0084",0.02873614,0.04621334,0.02210721,0.01635609,0.00158283,0.1133867,0.04554809,0.3922744,0.4830903,0.2806095,0.07750106,0.0008957348,0.07490226,0.7451234,0.6124669,0.2090376,0.3639412,0.5199601,0.008362138,0.9883844,0.9124871,0.8259235,0.4536465,0.7764159,0.4133995,0.1235454,0.7138598,0.6759959,0.9519084,0.758719,0.1550892,0.3249602,0.9864616,0.04215885,0.299155,0.9034562,0.9567982,0.3459841,0.321053,0.3410736,0.2211976,0.1174416,0.1191007,0.1230545,0.3654353,0.4332588,0.3260924,0.470129,0.3793286,0.2057899,0.4065731,0.3294589,1.285477,1.164312,1.023568,0.9081176,1.166852,0.008196004,0.009229406,0.003573071,0.007646381,0.007185902,0.00265422,0.3419563,0.2486736,1.725843e-07,2.647756e-09,1.655278e-08,6.228423e-10,0.8711961,0.850242,0.8593773,1.916213,0.690224
"P0085",0.0252108,0.006140955,0.01564639,0.024416,0.03975727,0.1657522,0.192011,0.3031938,0.01602148,0.4752557,0.3588436,0.004139976,0.02631486,0.4404305,0.3077895,0.1283428,0.8708501,0.3847012,0.8529002,0.4172716,0.5776917,0.2732623,0.1239192,0.03457437,0.9571143,0.7609507,0.783364,0.911084,0.84536,0.1826607,0.3098157,0.8144761,0.05645196,0.9479281,0.9858161,0.485619,0.371572,0.04579887,0.8282741,0.1508617,0.3460943,0.3862872,0.2238793,0.2914,0.3323085,0.2607446,0.284598,0.1396075,0.2217874,0.238451,0.4910115,0.3494465,0.9511518,1.08801,0.5256318,1.45078,1.108265,0.003900254,0.00997607,0.002725459,0.008527661,0.00327499,0.008845222,0.2137878,0.07154084,3.051097e-07,2.531727e-09,6.52754e-09,4.76568e-10,3.064699,1.614171,1.640308,0.6029711,0.8596943
"P0086",0.04068489,0.03075149,0.004270197,0.01045109,0.003420873,0.4421562,0.4393185,0.273161,0.3634124,0.3220843,0.04032171,0.0672566,0.001154348,0.543342,0.8602568,0.1914047,0.2149834,0.8923218,0.9891464,0.8627196,0.08938277,0.9260278,0.2639,0.2543171,0.1269866,0.780453,0.03442771,0.2937702,0.04137548,0.1394858,0.6608972,0.04701062,0.4702535,0.3894319,0.9672044,0.5548237,0.6096299,0.1001722,0.50013,0.1606276,0.2488437,0.4785545,0.1740175,0.3717542,0.4985114,0.4646138,0.2314749,0.1233176,0.3069322,0.197206,0.3376769,0.1514068,1.277612,1.284858,0.823288,0.61326,0.8009008,0.00538706,0.004038179,0.002716156,0.002846593,0.003420686,0.00469104,0.29215,0.2169923,1.124414e-07,5.942528e-09,1.039369e-08,6.304986e-10,3.216444,5.999592,1.614989,1.502245,0.1964016
"P0087",0.01142169,0.04993464,0.03084252,0.03878285,0.04515288,0.2976921,0.4909106,0.2151023,0.4662591,0.06010487,0.04920202,0.08232765,0.01799944,0.176325,0.9436282,0.6344887,0.2550345,0.4163525,0.2058373,0.1725063,0.9097506,0.9338458,0.7613645,0.4650961,0.7065423,0.08063499,0.8109832,0.1307698,0.9078105,0.3311331,0.9444667,0.01228653,0.3059488,0.6567352,0.2172221,0.9732477,0.968631,0.8850979,0.8832965,0.232351,0.4965045,0.208001,0.1017327,0.1575662,0.2052014,0.4791221,0.4262103,0.2012798,0.2914918,0.3049403,0.3403095,0.3018757,0.4541412,0.4777342,0.9181498,1.407526,0.3959276,0.009885158,0.006331738,0.007826808,0.005840554,0.009381205,0.004998425,0.3894198,0.2366898,2.887444e-07,7.176905e-09,1.880078e-08,5.522633e-10,2.111415,19.83236,1.496248,1.725062,0.441126
"P0088",0.04683717,0.02530945,0.0238109,0.02931737,0.02337794,0.144574,0.2190755,0.2542917,0.4985855,0.2931562,0.4565734,0.0918536,0.00920245,0.655384,0.9258965,0.4160287,0.8423755,0.09242209,0.7429327,0.7059967,0.4373127,0.595955,0.9516869,0.7224626,0.1073163,0.6317656,0.85511,0.8166186,0.02684195,0.467501,0.6178115,0.5601268,0.1147432,0.124626,0.4399676,0.8282648,0.1182469,0.5818416,0.9648147,0.473462,0.1681396,0.4336514,0.260904,0.2746374,0.4750702,0.1868268,0.2687699,0.2163348,0.4404599,0.4962004,0.4857025,0.1560163,0.5166973,1.557135,0.6131863,0.6418708,1.197627,0.00969516,0.005617381,0.004445465,0.006628573,0.004360768,0.003577133,0.1764434,0.1986281,3.106652e-07,3.291617e-09,6.151076e-09,2.618505e-10,3.394294,14.57483,1.324257,0.7986811,0.5055171
"P0089",0.007849227,0.0009537104,0.001639474,0.0300143,0.01097583,0.03848467,0.297725,0.2967712,0.473582,0.2042072,0.4684505,0.02797754,0.09964727,0.40616,0.1274364,0.9941881,0.3081653,0.6344194,0.3849551,0.8015938,0.5213058,0.09483605,0.01055939,0.8028134,0.8813395,0.420345,0.3086828,0.6140443,0.4260204,0.7336442,0.39082,0.7540922,0.3781982,0.002085619,0.04600695,0.185449,0.5967895,0.913418,0.6728009,0.4608718,0.1142295,0.3977457,0.1314691,0.2256163,0.3850336,0.3119546,0.4688971,0.4214445,0.2389543,0.482207,0.4495175,0.2223821,1.218786,1.308321,0.5883617,1.508067,0.3432845,0.003020511,0.004672547,0.008566333,0.006108267,0.00679583,0.003747555,0.2083452,0.20389,1.846713e-07,4.34529e-09,1.241601e-08,4.066596e-10,7.857057,8.248657,1.813715,1.339424,0.9266955
"P0090",0.04929797,0.01958605,0.01729957,0.0485137,0.04178289,0.1474085,0.001240198,0.4070508,0.1617658,0.2499885,0.2481313,0.09290855,0.09001862,0.8958089,0.1745773,0.7857825,0.3377569,0.7906238,0.7055889,0.2488202,0.1988607,0.2887761,0.9332526,0.1021917,0.3751011,0.09541831,0.7681935,0.7649771,0.7804178,0.2657384,0.8342195,0.6885098,0.9776058,0.8954556,0.9326607,0.01473129,0.06979766,0.662101,0.283645,0.3383821,0.4184074,0.1041602,0.478444,0.3319123,0.4620052,0.4442827,0.4995978,0.3166892,0.2268483,0.416683,0.2011374,0.2454388,1.302081,0.4403727,0.6436387,0.7210715,1.01187,0.008582251,0.007431944,0.003714879,0.004749121,0.004619184,0.004931166,0.3108954,0.2418961,3.030098e-07,3.542245e-09,8.2718e-09,2.370098e-10,6.392642,5.243521,1.258048,1.017407,0.1044981
"P0091",0.002454454,0.03825075,0.04870206,0.03215477,0.02218273,0.4778857,0.220657,0.02744736,0.07274899,0.3795384,0.06136131,0.008528612,0.04428707,0.7517889,0.5095642,0.7281001,0.01638979,0.57653,0.1046631,0.5960002,0.519133,0.2054359,0.2490486,0.1658046,0.890757,0.7765849,0.01514239,0.01417881,0.2415937,0.6110716,0.1789408,0.1322876,0.7855208,0.5943504,0.9981951,0.2097651,0.8057342,0.6456085,0.5711779,0.1524672,0.1239115,0.3714584,0.4724457,0.2363223,0.1769267,0.4175682,0.1138854,0.2233524,0.109629,0.1057457,0.3693553,0.4938446,1.171846,1.274588,1.464178,1.518428,0.6433098,0.009207484,0.006582328,0.009060849,0.004134559,0.003341044,0.005602213,0.1988183,0.06856562,1.336397e-07,4.602093e-09,9.382248e-09,2.7449e-10,7.150226,6.640023,0.526077,1.633129,0.8193777
"P0092",0.04870316,0.03581343,0.0003276935,0.02032257,0.02550819,0.06858583,0.08485137,0.4581859,0.4443039,0.02749211,0.279015,0.08302232,0.07612876,0.4963126,0.2567589,0.4064227,0.1003329,0.6853484,0.6725628,0.9449749,0.1202121,0.9000521,0.2032904,0.1561652,0.1341432,0.8191383,0.1210832,0.961396,0.7481113,0.9842014,0.02027549,0.978643,0.2753185,0.9242421,0.5396812,0.6090714,0.1760826,0.2430026,0.397843,0.3038507,0.2466832,0.2898737,0.2181495,0.3650602,0.426081,0.1137253,0.4853766,0.117367,0.4800772,0.470388,0.1982683,0.4536246,0.5829069,1.641436,1.216283,0.5017592,0.6821227,0.006533085,0.006005559,0.004283384,0.007581402,0.008374223,0.004154954,0.2811321,0.1062227,2.802897e-07,8.455594e-09,2.020201e-08,5.056643e-10,4.230126,1.025769,1.758203,0.6208168,0.782419
"P0093",0.03639101,0.02680816,0.02790517,0.03126469,0.01957461,0.105586,0.4749774,0.3091567,0.05936706,0.4682001,0.4879571,0.01845678,0.01236077,0.9816022,0.9547817,0.3521851,0.9040471,0.8025739,0.5893734,0.2964249,0.50468,0.8695943,0.6386119,0.6222624,0.4213018,0.2834284,0.4960006,0.6641112,0.2148828,0.1947248,0.5180873,0.1945059,0.8028429,0.2524782,0.8217971,0.5607883,0.001580526,0.6020342,0.5617893,0.4803381,0.4302164,0.4679938,0.4917468,0.2351775,0.1392369,0.4755742,0.4626878,0.4638666,0.3639279,0.3721594,0.2182319,0.2725847,1.063017,0.9716438,0.726074,1.016745,0.7372969,0.002719073,0.009467708,0.00878518,0.006504127,0.009931726,0.002841727,0.1147261,0.09064009,1.181269e-07,3.46245e-09,1.566046e-08,2.641965e-10,3.830012,0.3621233,0.7937353,1.517439,0.7245083
"P0094",0.01342517,0.003277867,0.02533499,0.02140898,0.03481375,0.02678438,0.3240342,0.05602829,0.4887204,0.3903821,0.05358026,0.09568996,0.01480352,0.01626472,0.02372677,0.4381011,0.1932959,0.4450144,0.6866256,0.218734,0.06567084,0.536494,0.5851043,0.8754956,0.8101796,0.4182573,0.1994646,0.3560471,0.05324686,0.07435224,0.7609367,0.7466549,0.872783,0.4454988,0.1364975,0.8183359,0.1959571,0.5569909,0.4456817,0.1292748,0.4573613,0.4483789,0.275028,0.4540198,0.4302006,0.37014,0.2088467,0.1558944,0.4596224,0.1893323,0.1851735,0.2010235,1.439523,1.584367,1.228513,0.8894182,1.270713,0.00980587,0.007855186,0.006309696,0.006287088,0.008137654,0.009585903,0.230528,0.1096061,1.675428e-07,5.564781e-09,5.714283e-09,2.154296e-10,2.483555,8.65825,0.8234772,1.54845,0.870603
"P0095",0.00562476,0.03026097,0.007252242,0.04948341,0.01016486,0.4383453,0.4828032,0.4840442,0.00848093,0.3847949,0.06926627,0.03747832,0.08466322,0.8280461,0.01463312,0.9591312,0.9631053,0.4234149,0.4526644,0.7441501,0.6641749,0.8748344,0.7155208,0.2374014,0.4678237,0.1388808,0.1629238,0.1125514,0.8712607,0.7257735,0.07904273,0.2356959,0.8816505,0.908812,0.4612448,0.6574968,0.6671139,0.008403772,0.4623516,0.1170123,0.468893,0.2366125,0.3895461,0.2050558,0.4820167,0.1249132,0.3069986,0.2129838,0.2027887,0.4424047,0.1217746,0.2892534,1.453401,0.5332536,1.200777,0.8134682,0.5567464,0.006635912,0.008655109,0.003447613,0.009301034,0.005065941,0.008027167,0.247533,0.08313986,2.816927e-07,8.712484e-09,1.766649e-08,5.128994e-10,6.593762,14.37097,1.059708,1.999665,0.0710807
"P0096",0.03090632,0.04398555,0.04797777,0.002807715,0.01303756,0.3934314,0.4261952,0.144776,0.1233726,0.09336986,0.1313483,0.02838225,0.02198255,0.3804194,0.4216355,0.8892739,0.5985054,0.3124426,0.3055572,0.3902991,0.7978233,0.1602064,0.3394836,0.3339948,0.7626913,0.7261306,0.4092886,0.002613768,0.7226796,0.381294,0.9119915,0.3882212,0.7550432,0.3325663,0.2232719,0.3277932,0.2540037,0.02519855,0.0945624,0.1585975,0.2037277,0.1370657,0.1781701,0.1641933,0.3582741,0.1207774,0.4833014,0.3008334,0.1631465,0.4666257,0.3863788,0.1087915,0.5207033,1.134547,0.798442,0.7500318,1.208006,0.005239658,0.006651723,0.005676812,0.002645993,0.003847078,0.00295451,0.3467423,0.2436412,2.695485e-07,4.2193e-09,1.713236e-08,2.975972e-10,1.159353,16.91915,0.9194504,0.5059291,0.6558188
"P0097",0.02049595,0.0486729,0.03034658,0.0495346,0.02531177,0.3687375,0.4613635,0.3730003,0.2961504,0.03251548,0.1222583,0.09744908,0.01821554,0.3358828,0.8856266,0.1435047,0.7300999,0.6796945,0.446754,0.715897,0.3457831,0.6582754,0.5338172,0.513657,0.3866516,0.9497719,0.6134523,0.5336736,0.9849472,0.1226274,0.245861,0.9627392,0.4817236,0.2764457,0.6371269,0.9506407,0.7341311,0.9601719,0.2500803,0.4166099,0.1309578,0.1602661,0.1533759,0.374284,0.4552728,0.4003887,0.2210348,0.2857802,0.1062228,0.1621382,0.1934262,0.4902131,1.385503,1.175372,0.499471,0.6864544,1.236102,0.004508805,0.008551251,0.004655469,0.005550404,0.009063493,0.005993726,0.2835927,0.1309258,8.179331e-08,6.100854e-09,8.066165e-09,1.624927e-10,9.511794,11.61832,1.724687,1.618254,0.5849042
"P0098",0.003748396,0.01661358,0.02608234,0.0308437,0.04066588,0.07776997,0.3752264,0.1294195,0.03098037,0.4220189,0.2973751,0.006155037,0.006485348,0.2629143,0.5754222,0.3240594,0.4929113,0.5438998,0.07429933,0.6404069,0.1436935,0.1271875,0.1965265,0.2283939,0.9030732,0.9646224,0.4294734,0.1661578,0.1492022,0.9620513,0.9809819,0.9989111,0.03885442,0.6614627,0.603406,0.2613156,0.1225522,0.3213802,0.5335999,0.4044145,0.3193813,0.3232554,0.2415381,0.4296174,0.2278669,0.4965966,0.3634639,0.3335327,0.2856739,0.4760833,0.152634,0.3663674,0.6411064,0.5491138,1.282097,1.265534,0.719535,0.009734124,0.003692679,0.003971064,0.009056613,0.009256871,0.009262615,0.3992904,0.1805059,1.381518e-07,6.726011e-09,2.072138e-08,4.611168e-10,3.19779,5.63695,1.866136,1.600267,0.4314712
"P0099",0.04792604,0.01226623,0.01907335,0.003080904,0.04206707,0.3604016,0.4554498,0.292099,0.4508783,0.2985099,0.02794881,0.07033537,0.06906377,0.8446108,0.9350975,0.6114276,0.5540541,0.9743068,0.8678504,0.2659865,0.884224,0.9611399,0.5246792,0.4871758,0.630476,0.1049866,0.5644291,0.9928377,0.4555058,0.4718107,0.3642047,0.4131923,0.2522055,0.07133798,0.3970722,0.8825468,0.4540435,0.7768882,0.120468,0.1436921,0.1549366,0.2490275,0.2643726,0.4459907,0.1224422,0.2683095,0.2345341,0.439357,0.38606,0.1376791,0.3280418,0.102376,1.037953,0.6483791,0.9845741,1.140068,0.3535167,0.006232733,0.003025596,0.009559007,0.005182157,0.00267646,0.007584999,0.1470817,0.1712488,3.190477e-07,3.269695e-09,6.760539e-09,4.448495e-10,8.184963,10.2921,0.8333639,1.449049,0.05093605
